,Haqiqiy (y_test),Bashorat ehtimollik (y_proba)
0,0.5,0.025709191
1,0.5,0.034316726
2,0.5,0.04571483
3,0.5,0.039790805
4,0.5,0.0014674886
5,0.5,0.8997828
6,0.5,0.05328493
7,0.5,0.9273263
8,0.5,0.00089895766
9,0.5,0.068187915
10,0.5,0.009298989
11,0.5,0.76261187
12,0.5,0.13637052
13,0.5,0.0018902015
14,0.5,0.007814324
15,0.5,0.027838744
16,0.5,0.04148611
17,0.5,0.13172665
18,0.5,0.018075835
19,0.5,0.23642813
20,0.5,0.1326881
21,0.5,0.018915748
22,0.5,0.31047112
23,0.5,0.0006662123
24,0.5,0.009642287
25,0.5,0.023751851
26,0.5,0.020021368
27,0.5,0.08792705
28,0.5,0.04048977
29,0.5,0.033912186
30,0.5,0.033853415
31,0.5,0.014546704
32,0.5,0.022701485
33,0.5,0.031019442
34,0.5,0.026592819
35,0.5,0.0002696948
36,0.5,0.0037380047
37,0.5,0.02584442
38,0.5,0.0005074684
39,0.5,0.06343706
40,0.5,0.9438401
41,0.5,0.0103145
42,0.5,0.6773665
43,0.5,0.0003480112
44,0.5,0.5392561
45,0.5,0.021473562
46,0.5,0.0047487905
47,0.5,0.015710395
48,0.5,0.0006019461
49,0.5,0.008125389
50,0.5,0.585247
51,0.5,0.13203746
52,0.5,0.0005044494
53,0.5,0.029822784
54,0.5,0.9080819
55,0.5,0.071291074
56,0.5,0.014145689
57,0.5,0.00082475756
58,0.5,0.088841096
59,0.5,0.09449355
60,0.5,0.0634296
61,0.5,0.038235556
62,0.5,0.17460209
63,0.5,0.0011396789
64,0.5,0.052920163
65,0.5,0.03621697
66,0.5,0.14907405
67,0.5,0.0066273613
68,0.5,0.68292695
69,0.5,0.0017802124
70,0.5,0.8712513
71,0.5,0.00047543764
72,0.5,0.029478643
73,0.5,0.133104
74,0.5,0.04226126
75,0.5,0.00024718078
76,0.5,0.21145685
77,0.5,0.011072045
78,0.5,0.1059599
79,0.5,0.0020880417
80,0.5,0.34691367
81,0.5,0.09699672
82,0.5,0.0448563
83,0.5,0.09398748
84,0.5,0.0031347435
85,0.5,0.7473302
86,0.5,0.0010127395
87,0.5,0.69176775
88,0.5,0.11835777
89,0.5,0.76149184
90,0.5,0.8733473
91,0.5,0.79762834
92,0.5,0.13397953
93,0.5,0.252139
94,0.5,0.04483664
95,0.5,0.0047700065
96,0.5,0.10710869
97,0.5,0.97371906
98,0.5,0.0024298618
99,0.5,0.00489959
100,0.5,0.001350621
101,0.5,0.00019963241
102,0.5,0.0068432493
103,0.5,0.012947398
104,0.5,0.92465127
105,0.5,0.76950425
106,0.5,0.042530153
107,0.5,0.91606414
108,0.5,0.17146923
109,0.5,0.012180138
110,0.5,0.021619322
111,0.5,0.041799616
112,0.5,0.59604967
113,0.5,0.010373359
114,0.5,0.0009221828
115,0.5,0.19776367
116,0.5,0.012706822
117,0.5,0.14537166
118,0.5,0.059902526
119,0.5,0.98575133
120,0.5,0.1259572
121,0.5,0.013325882
122,0.5,0.45130688
123,0.5,0.0103533575
124,0.5,0.33707646
125,0.5,0.00024975324
126,0.5,0.02307232
127,0.5,0.112492755
128,0.5,0.0125268465
129,0.5,0.94210804
130,0.5,0.046031244
131,0.5,0.008032834
132,0.5,0.0012494964
133,0.5,0.7306486
134,0.5,0.7828316
135,0.5,0.013446087
136,0.5,0.6611195
137,0.5,0.6546976
138,0.5,0.00023720814
139,0.5,0.020904824
140,0.5,0.004760843
141,0.5,0.00047347706
142,0.5,0.6167396
143,0.5,0.0014745895
144,0.5,0.004407947
145,0.5,0.47142795
146,0.5,0.1799917
147,0.5,0.020447198
148,0.5,0.49909696
149,0.5,0.0061852178
150,0.5,0.0009022076
151,0.5,0.0033224926
152,0.5,0.8660246
153,0.5,0.0034317428
154,0.5,0.02418148
155,0.5,0.023131475
156,0.5,0.12530354
157,0.5,0.009478717
158,0.5,0.0027511322
159,0.5,0.32868603
160,0.5,0.00083553477
161,0.5,0.00029995816
162,0.5,0.0017950388
163,0.5,0.1911636
164,0.5,0.013341921
165,0.5,0.8737353
166,0.5,0.16780369
167,0.5,0.22269115
168,0.5,0.06841627
169,0.5,0.0033126415
170,0.5,0.098019734
171,0.5,0.7047871
172,0.5,0.7832714
173,0.5,0.00019998125
174,0.5,0.8866142
175,0.5,0.0054067923
176,0.5,0.12353635
177,0.5,0.80971324
178,0.5,0.035764743
179,0.5,0.042964645
180,0.5,0.99685824
181,0.5,0.42831302
182,0.5,0.9960764
183,0.5,0.026296861
184,0.5,0.99085814
185,0.5,0.17024013
186,0.5,0.028168457
187,0.5,0.9300752
188,0.5,0.020821666
189,0.5,0.016593333
190,0.5,0.006472848
191,0.5,0.0049824114
192,0.5,0.03773241
193,0.5,0.049993977
194,0.5,0.03133512
195,0.5,0.4064986
196,0.5,0.003252521
197,0.5,0.060113672
198,0.5,0.9931613
199,0.5,0.2916869
200,0.5,0.0967109
201,0.5,0.7448206
202,0.5,0.0021830073
203,0.5,0.00097249023
204,0.5,0.9514982
205,0.5,0.007127551
206,0.5,0.015542328
207,0.5,0.9871126
208,0.5,0.5576001
209,0.5,0.0038068048
210,0.5,0.043681208
211,0.5,0.0020388628
212,0.5,0.44617194
213,0.5,0.025787057
214,0.5,0.99231017
215,0.5,0.0709673
216,0.5,0.002905273
217,0.5,0.040290974
218,0.5,0.0033815359
219,0.5,0.021220926
220,0.5,0.96604043
221,0.5,0.032314498
222,0.5,0.006257354
223,0.5,0.0037736923
224,0.5,0.009524451
225,0.5,0.9705219
226,0.5,0.0028288283
227,0.5,0.008227596
228,0.5,0.024542047
229,0.5,0.06589118
230,0.5,0.009787342
231,0.5,0.008152184
232,0.5,0.13032492
233,0.5,0.00023363273
234,0.5,0.0006396674
235,0.5,0.5691989
236,0.5,0.0054110507
237,0.5,0.0035970823
238,0.5,0.034033105
239,0.5,0.027690541
240,0.5,0.21198349
241,0.5,0.59147483
242,0.5,0.37708375
243,0.5,0.22410299
244,0.5,0.0066105034
245,0.5,0.6509493
246,0.5,0.96995395
247,0.5,0.01325265
248,0.5,0.0029157973
249,0.5,0.7099948
250,0.5,0.91878617
251,0.5,0.0023152814
252,0.5,0.010335871
253,0.5,0.049588416
254,0.5,0.0007877433
255,0.5,0.0009871324
256,0.5,0.0008014858
257,0.5,0.008981256
258,0.5,0.024454115
259,0.5,0.0052160514
260,0.5,0.009726694
261,0.5,0.005931496
262,0.5,0.69856584
263,0.5,0.04834025
264,0.5,0.035964224
265,0.5,0.11659203
266,0.5,0.80641717
267,0.5,0.0022873278
268,0.5,0.005927365
269,0.5,0.016004212
270,0.5,0.10364472
271,0.5,0.035668373
272,0.5,0.014073216
273,0.5,0.00054103706
274,0.5,0.0009243715
275,0.5,0.9651181
276,0.5,0.983889
277,0.5,0.1459556
278,0.5,0.0011113103
279,0.5,0.002131863
280,0.5,0.07851785
281,0.5,0.016590884
282,0.5,0.0050432486
283,0.5,0.0056918976
284,0.5,0.002794217
285,0.5,0.00073802366
286,0.5,0.001500267
287,0.5,0.058778994
288,0.5,0.0021429444
289,0.5,0.9793022
290,0.5,0.20820615
291,0.5,0.0016830546
292,0.5,0.0018694532
293,0.5,0.00017019552
294,0.5,0.17151755
295,0.5,0.047927875
296,0.5,0.85636157
297,0.5,0.000147553
298,0.5,0.9427506
299,0.5,0.0038714868
300,0.5,0.0057637133
301,0.5,0.003573693
302,0.5,0.03200665
303,0.5,0.0027529788
304,0.5,0.014565211
305,0.5,0.022761568
306,0.5,0.11815702
307,0.5,0.9638661
308,0.5,0.41269132
309,0.5,0.0041893516
310,0.5,0.91712815
311,0.5,0.0012303225
312,0.5,0.0010563266
313,0.5,0.011280999
314,0.5,0.0032449332
315,0.5,0.03337273
316,0.5,0.025178187
317,0.5,0.031752005
318,0.5,0.008511202
319,0.5,0.01594122
320,0.5,0.032312956
321,0.5,0.810992
322,0.5,0.83839107
323,0.5,0.04130266
324,0.5,0.33901367
325,0.5,0.07653486
326,0.5,0.06938582
327,0.5,0.020697478
328,0.5,0.0025594595
329,0.5,0.011596821
330,0.5,0.0028592723
331,0.5,0.83663267
332,0.5,0.043271706
333,0.5,0.001067677
334,0.5,0.0028646376
335,0.5,0.16539583
336,0.5,0.0015204832
337,0.5,0.45674106
338,0.5,0.03010762
339,0.5,0.0073196907
340,0.5,0.0645411
341,0.5,0.7293222
342,0.5,0.005324343
343,0.5,0.00017957197
344,0.5,0.3093886
345,0.5,0.029733678
346,0.5,0.07065311
347,0.5,0.0016480357
348,0.5,0.03461113
349,0.5,0.0040806993
350,0.5,0.0265957
351,0.5,0.0006954432
352,0.5,0.36853385
353,0.5,0.00026489192
354,0.5,0.9767745
355,0.5,0.9613474
356,0.5,0.4567725
357,0.5,0.0019334576
358,0.5,0.0007081787
359,0.5,0.00047080556
360,0.5,0.00088305096
361,0.5,0.52811676
362,0.5,0.0008736194
363,0.5,0.0021128806
364,0.5,0.0865037
365,0.5,0.45772806
366,0.5,0.02343327
367,0.5,0.08453797
368,0.5,0.32956484
369,0.5,0.8325038
370,0.5,0.02518061
371,0.5,0.07200393
372,0.5,0.0040363194
373,0.5,0.009070934
374,0.5,0.054393973
375,0.5,0.0473658
376,0.5,0.0009658755
377,0.5,0.051335603
378,0.5,0.16064902
379,0.5,0.0026532917
380,0.5,0.013161634
381,0.5,0.08067621
382,0.5,0.4723812
383,0.5,0.67471784
384,0.5,0.500679
385,0.5,0.11311642
386,0.5,0.022983167
387,0.5,0.00034778766
388,0.5,0.11686765
389,0.5,0.008927461
390,0.5,0.17710829
391,0.5,0.9864667
392,0.5,0.0010124163
393,0.5,0.79632837
394,0.5,0.0047145486
395,0.5,0.04486199
396,0.5,0.18311027
397,0.5,0.0299031
398,0.5,0.026496561
399,0.5,0.00784113
400,0.5,0.2610209
401,0.5,0.002697024
402,0.5,0.0003383684
403,0.5,0.0072323703
404,0.5,0.0038288224
405,0.5,0.5679354
406,0.5,0.008449418
407,0.5,0.71229833
408,0.5,0.4040935
409,0.5,0.022198124
410,0.5,0.002485119
411,0.5,0.016300665
412,0.5,0.0061700563
413,0.5,0.0006933321
414,0.5,0.24973653
415,0.5,0.00074300123
416,0.5,0.012402858
417,0.5,0.0016173805
418,0.5,0.009360377
419,0.5,0.115679406
420,0.5,0.3154728
421,0.5,0.18114623
422,0.5,0.68543005
423,0.5,0.93773514
424,0.5,0.60111606
425,0.5,0.031057118
426,0.5,0.004675441
427,0.5,0.005119878
428,0.5,0.041893292
429,0.5,0.0009820879
430,0.5,0.18602838
431,0.5,0.09583474
432,0.5,0.07490239
433,0.5,0.00039490813
434,0.5,0.0351087
435,0.5,0.52069706
436,0.5,0.003369894
437,0.5,0.0060409075
438,0.5,0.0008068114
439,0.5,0.9796713
440,0.5,0.001096986
441,0.5,0.0090908
442,0.5,0.2649743
443,0.5,0.38363913
444,0.5,0.09165604
445,0.5,0.020248706
446,0.5,0.054827698
447,0.5,0.005837987
448,0.5,0.05901691
449,0.5,0.008684335
450,0.5,0.13828388
451,0.5,0.027394434
452,0.5,0.0008506317
453,0.5,0.99022853
454,0.5,0.007248692
455,0.5,0.006335091
456,0.5,0.017753704
457,0.5,0.0054127574
458,0.5,0.004167999
459,0.5,0.54851776
460,0.5,0.015558211
461,0.5,0.0041636573
462,0.5,0.69992334
463,0.5,0.0379951
464,0.5,0.9992866
465,0.5,0.009442514
466,0.5,0.0016193036
467,0.5,0.9854811
468,0.5,0.4319856
469,0.5,0.00082876947
470,0.5,0.99890316
471,0.5,0.0031630292
472,0.5,0.003444236
473,0.5,0.001952389
474,0.5,0.74875844
475,0.5,0.006263622
476,0.5,0.9997423
477,0.5,0.049005736
478,0.5,0.054510806
479,0.5,0.6760674
480,0.5,0.008686598
481,0.5,0.0040916842
482,0.5,0.016677273
483,0.5,0.0012151963
484,0.5,0.043817837
485,0.5,0.0005311881
486,0.5,0.110208996
487,0.5,0.13195916
488,0.5,0.00037437122
489,0.5,0.0041049416
490,0.5,0.043716103
491,0.5,0.08829392
492,0.5,0.9449673
493,0.5,0.76913965
494,0.5,0.067187734
495,0.5,0.1383108
496,0.5,0.18133055
497,0.5,0.011743068
498,0.5,0.82555515
499,0.5,0.016707242
500,0.5,0.00038173434
501,0.5,0.004557595
502,0.5,0.004334522
503,0.5,0.0025474436
504,0.5,0.049994472
505,0.5,0.019000644
506,0.5,0.0143291075
507,0.5,0.003122804
508,0.5,0.0026211978
509,0.5,0.009860554
510,0.5,0.12462772
511,0.5,0.0047826273
512,0.5,0.0035424666
513,0.5,0.042011224
514,0.5,0.0036347345
515,0.5,0.979536
516,0.5,0.027898027
517,0.5,0.010394591
518,0.5,0.30132362
519,0.5,0.0046214103
520,0.5,0.006730358
521,0.5,0.044853695
522,0.5,0.008748873
523,0.5,0.06974476
524,0.5,0.001509972
525,0.5,0.016111692
526,0.5,0.2093981
527,0.5,0.006378902
528,0.5,0.0797698
529,0.5,0.998587
530,0.5,0.0011632041
531,0.5,0.92012453
532,0.5,0.0019166525
533,0.5,0.0044052172
534,0.5,0.9987513
535,0.5,0.027134694
536,0.5,0.12205827
537,0.5,0.011891136
538,0.5,0.93951803
539,0.5,0.009486255
540,0.5,0.8760281
541,0.5,0.79288566
542,0.5,0.9089897
543,0.5,0.0018713527
544,0.5,0.021942703
545,0.5,0.9942206
546,0.5,0.029425023
547,0.5,0.028654095
548,0.5,0.0037284333
549,0.5,0.8698442
550,0.5,0.3618924
551,0.5,0.019908845
552,0.5,0.34592214
553,0.5,0.20516421
554,0.5,0.019482939
555,0.5,0.2615321
556,0.5,0.0015625316
557,0.5,0.00048350677
558,0.5,0.005857841
559,0.5,0.0022645441
560,0.5,0.0025147232
561,0.5,0.032191485
562,0.5,0.046493087
563,0.5,0.005273569
564,0.5,0.70218533
565,0.5,0.07120695
566,0.5,0.0034051326
567,0.5,0.00046963996
568,0.5,0.59520465
569,0.5,0.7109333
570,0.5,0.021590041
571,0.5,0.086018056
572,0.5,0.014602683
573,0.5,0.0031062106
574,0.5,0.70312387
575,0.5,0.98415405
576,0.5,0.015597676
577,0.5,0.6961068
578,0.5,0.99263257
579,0.5,0.36662352
580,0.5,0.008557311
581,0.5,0.0019648082
582,0.5,0.44180554
583,0.5,0.0016944347
584,0.5,0.0073709004
585,0.5,0.24082568
586,0.5,0.028760944
587,0.5,0.004309185
588,0.5,0.9203333
589,0.5,0.15559265
590,0.5,0.24543308
591,0.5,0.35744655
592,0.5,0.0072680195
593,0.5,0.76876247
594,0.5,0.99790347
595,0.5,0.014933655
596,0.5,0.017892728
597,0.5,0.102497995
598,0.5,0.570657
599,0.5,0.030986868
600,0.5,0.92582
601,0.5,0.543107
602,0.5,0.050110787
603,0.5,0.07974964
604,0.5,0.04165971
605,0.5,0.005488236
606,0.5,0.009174545
607,0.5,0.0014896096
608,0.5,0.0042720297
609,0.5,0.006735971
610,0.5,0.007624821
611,0.5,0.0493819
612,0.5,0.5675314
613,0.5,0.021314327
614,0.5,0.024279865
615,0.5,0.20884919
616,0.5,0.00052156864
617,0.5,0.0014082339
618,0.5,0.000389971
619,0.5,0.0056455857
620,0.5,0.2679631
621,0.5,0.89140135
622,0.5,0.4521759
623,0.5,0.2662664
624,0.5,0.0010952235
625,0.5,0.73074853
626,0.5,0.97009414
627,0.5,0.00051565754
628,0.5,0.5541069
629,0.5,0.0073556066
630,0.5,0.4782449
631,0.5,0.313816
632,0.5,0.034719463
633,0.5,0.0016799681
634,0.5,0.12774289
635,0.5,0.00090415985
636,0.5,0.32428822
637,0.5,0.00651477
638,0.5,0.2254576
639,0.5,0.0043856604
640,0.5,0.28856528
641,0.5,0.01035193
642,0.5,0.08042316
643,0.5,0.0075821085
644,0.5,0.11707472
645,0.5,0.01088719
646,0.5,0.83058536
647,0.5,0.0042020343
648,0.5,0.0026884596
649,0.5,0.005334472
650,0.5,0.08548109
651,0.5,0.055578418
652,0.5,0.2653479
653,0.5,0.008076671
654,0.5,0.0052558566
655,0.5,0.02793462
656,0.5,0.76799124
657,0.5,0.7625679
658,0.5,0.979597
659,0.5,0.6823092
660,0.5,0.38383752
661,0.5,0.21391466
662,0.5,0.041958433
663,0.5,0.045142405
664,0.5,0.07606693
665,0.5,0.22234459
666,0.5,0.0027376814
667,0.5,0.0058185966
668,0.5,0.9055617
669,0.5,0.22845908
670,0.5,0.99595296
671,0.5,0.0024052523
672,0.5,0.8084821
673,0.5,0.045057748
674,0.5,0.07910574
675,0.5,0.08699412
676,0.5,0.094086826
677,0.5,0.0022574929
678,0.5,0.9810065
679,0.5,0.93407154
680,0.5,0.0018144975
681,0.5,0.50117743
682,0.5,0.99879813
683,0.5,0.795079
684,0.5,0.06358877
685,0.5,0.0033327767
686,0.5,0.07307149
687,0.5,0.0015253564
688,0.5,0.0014952915
689,0.5,0.01031539
690,0.5,0.0029024372
691,0.5,0.0051181344
692,0.5,0.034607742
693,0.5,0.0027854936
694,0.5,0.004764554
695,0.5,0.90477335
696,0.5,0.044065982
697,0.5,0.37444177
698,0.5,0.17943639
699,0.5,0.0025123763
700,0.5,0.0034656443
701,0.5,0.21241748
702,0.5,0.9156963
703,0.5,0.0052139615
704,0.5,0.6878576
705,0.5,0.0036912132
706,0.5,0.0009901489
707,0.5,0.012707425
708,0.5,0.9881334
709,0.5,0.03007261
710,0.5,0.6269893
711,0.5,0.011503159
712,0.5,0.4844549
713,0.5,0.0034742416
714,0.5,0.013029354
715,0.5,0.17534553
716,0.5,0.00880794
717,0.5,0.04959926
718,0.5,0.00058825855
719,0.5,0.07381693
720,0.5,0.9865763
721,0.5,0.51087284
722,0.5,0.00084717287
723,0.5,0.774857
724,0.5,0.002447435
725,0.5,0.92463535
726,0.5,0.008296953
727,0.5,0.93002367
728,0.5,0.231168
729,0.5,0.0012555269
730,0.5,0.35917696
731,0.5,0.13898256
732,0.5,0.050769717
733,0.5,0.0026277606
734,0.5,0.00041835295
735,0.5,0.030024864
736,0.5,0.0015249011
737,0.5,0.0024680134
738,0.5,0.013750278
739,0.5,0.038223114
740,0.5,0.017307369
741,0.5,0.005463095
742,0.5,0.12331018
743,0.5,0.012073005
744,0.5,0.0029755717
745,0.5,0.0073964647
746,0.5,0.8362993
747,0.5,0.024949852
748,0.5,0.0041313106
749,0.5,0.059555482
750,0.5,0.0034820042
751,0.5,0.0019868917
752,0.5,0.077058464
753,0.5,0.96331316
754,0.5,0.012825029
755,0.5,0.0007510436
756,0.5,0.0122063905
757,0.5,0.003736128
758,0.5,0.8371714
759,0.5,0.14013211
760,0.5,0.034181766
761,0.5,0.66788226
762,0.5,0.006432267
763,0.5,0.002333661
764,0.5,0.03270319
765,0.5,0.052618515
766,0.5,0.011847459
767,0.5,0.0063278903
768,0.5,0.0053916974
769,0.5,0.59473526
770,0.5,0.004958576
771,0.5,0.055041563
772,0.5,0.119839996
773,0.5,0.9127451
774,0.5,0.19672559
775,0.5,0.05373361
776,0.5,0.0079780705
777,0.5,0.019227384
778,0.5,0.03445342
779,0.5,0.0017502351
780,0.5,0.037070405
781,0.5,0.0026439417
782,0.5,0.29101697
783,0.5,0.0039026705
784,0.5,0.47549593
785,0.5,0.0035925717
786,0.5,0.09159716
787,0.5,0.009863179
788,0.5,0.00040240926
789,0.5,0.010632288
790,0.5,0.0050800224
791,0.5,0.008595691
792,0.5,0.033465866
793,0.5,0.08800908
794,0.5,0.0038650248
795,0.5,0.011170908
796,0.5,0.017441226
797,0.5,0.017155174
798,0.5,0.00025395487
799,0.5,0.0011483999
800,0.5,0.5744486
801,0.5,0.001584115
802,0.5,0.0023014126
803,0.5,0.025413668
804,0.5,0.75700206
805,0.5,0.1669557
806,0.5,0.005590731
807,0.5,0.0011058531
808,0.5,0.004199537
809,0.5,0.21144083
810,0.5,0.4418837
811,0.5,0.0074333632
812,0.5,0.5327199
813,0.5,0.0003484765
814,0.5,0.006638691
815,0.5,0.5818138
816,0.5,0.0010329477
817,0.5,0.0029234053
818,0.5,0.002997535
819,0.5,0.02228287
820,0.5,0.13759957
821,0.5,0.0015060217
822,0.5,0.0019531688
823,0.5,0.009781187
824,0.5,0.21361424
825,0.5,0.018754361
826,0.5,0.013603831
827,0.5,0.00021014722
828,0.5,0.9281138
829,0.5,0.09533887
830,0.5,0.0012032842
831,0.5,0.004412643
832,0.5,0.025754526
833,0.5,0.7976786
834,0.5,0.032688692
835,0.5,0.0066908444
836,0.5,0.010150054
837,0.5,0.5437228
838,0.5,0.0015489092
839,0.5,0.029448386
840,0.5,0.24605247
841,0.5,0.0051093986
842,0.5,0.057638757
843,0.5,0.004880058
844,0.5,0.08603048
845,0.5,0.001381814
846,0.5,0.98572284
847,0.5,0.027668148
848,0.5,0.0370669
849,0.5,0.0021496285
850,0.5,0.05993802
851,0.5,0.39786893
852,0.5,0.09380427
853,0.5,0.06442496
854,0.5,0.046300437
855,0.5,0.035960097
856,0.5,0.017799487
857,0.5,0.0068519237
858,0.5,0.012703347
859,0.5,0.0026458648
860,0.5,0.9588699
861,0.5,0.029638745
862,0.5,0.00024306733
863,0.5,0.40659872
864,0.5,0.055181112
865,0.5,0.9915372
866,0.5,0.00547789
867,0.5,0.036946874
868,0.5,0.3116037
869,0.5,0.39515147
870,0.5,0.0015625785
871,0.5,0.0076177707
872,0.5,0.0057978164
873,0.5,0.014598683
874,0.5,0.13491233
875,0.5,0.017957345
876,0.5,0.011897598
877,0.5,0.004631824
878,0.5,0.0055400277
879,0.5,0.0056923265
880,0.5,0.01624242
881,0.5,0.0015899864
882,0.5,0.00022814574
883,0.5,0.0005743174
884,0.5,0.08927434
885,0.5,0.046673756
886,0.5,0.013335741
887,0.5,0.0068009864
888,0.5,0.018500809
889,0.5,0.04346341
890,0.5,0.8921745
891,0.5,0.8782528
892,0.5,0.014519754
893,0.5,0.010772178
894,0.5,0.09610516
895,0.5,0.17061089
896,0.5,0.99291915
897,0.5,0.0005627893
898,0.5,0.039653134
899,0.5,0.03810598
900,0.5,0.0017240396
901,0.5,0.01961613
902,0.5,0.0413994
903,0.5,0.0018987429
904,0.5,0.053270835
905,0.5,0.017619018
906,0.5,0.004758216
907,0.5,0.019591859
908,0.5,0.5351083
909,0.5,0.00522128
910,0.5,0.76780784
911,0.5,0.0003975999
912,0.5,0.11734338
913,0.5,0.045061894
914,0.5,0.0032083949
915,0.5,0.16618922
916,0.5,0.0012601358
917,0.5,0.009639531
918,0.5,0.7975337
919,0.5,0.0028268464
920,0.5,0.3587155
921,0.5,0.99614704
922,0.5,0.010292371
923,0.5,0.0024569775
924,0.5,0.7441615
925,0.5,0.031941816
926,0.5,0.0032103565
927,0.5,0.0033636873
928,0.5,0.031444665
929,0.5,0.016400902
930,0.5,0.030654093
931,0.5,0.006725604
932,0.5,0.16924292
933,0.5,0.051108375
934,0.5,0.0015820332
935,0.5,0.00068325293
936,0.5,0.5249859
937,0.5,0.008856245
938,0.5,0.21020964
939,0.5,0.048260365
940,0.5,0.5037507
941,0.5,0.038487855
942,0.5,0.0027843786
943,0.5,0.0037057246
944,0.5,0.0017255584
945,0.5,0.29448056
946,0.5,0.31959483
947,0.5,0.041329693
948,0.5,0.0031733178
949,0.5,0.01075964
950,0.5,0.0040514623
951,0.5,0.04004821
952,0.5,0.001571743
953,0.5,0.007926591
954,0.5,0.0054869764
955,0.5,0.43815994
956,0.5,0.00022859646
957,0.5,0.022222634
958,0.5,0.9993338
959,0.5,0.0021332602
960,0.5,0.0010814643
961,0.5,0.00368213
962,0.5,0.46356413
963,0.5,0.013067956
964,0.5,0.28712472
965,0.5,0.0010049934
966,0.5,0.4573809
967,0.5,0.010904991
968,0.5,0.028291598
969,0.5,0.15425488
970,0.5,0.03684833
971,0.5,0.0019165348
972,0.5,0.00020762005
973,0.5,0.0023465022
974,0.5,0.025754983
975,0.5,0.020303778
976,0.5,0.008846807
977,0.5,0.97111386
978,0.5,0.51326555
979,0.5,0.8463357
980,0.5,0.0023403284
981,0.5,0.06539646
982,0.5,0.05410549
983,0.5,0.004342549
984,0.5,0.010156423
985,0.5,0.018674565
986,0.5,0.0003630596
987,0.5,0.014022951
988,0.5,0.044942405
989,0.5,0.023538463
990,0.5,0.027012898
991,0.5,0.06540599
992,0.5,0.009225269
993,0.5,0.0014526781
994,0.5,0.04307635
995,0.5,0.00075683807
996,0.5,0.12131771
997,0.5,0.76925606
998,0.5,0.0032648493
999,0.5,0.16657983
1000,0.5,0.96394354
1001,0.5,0.0028296153
1002,0.5,0.09325005
1003,0.5,0.352967
1004,0.5,0.023225237
1005,0.5,0.014820234
1006,0.5,0.0062754187
1007,0.5,0.6086389
1008,0.5,0.9580457
1009,0.5,0.0022049977
1010,0.5,0.0014548219
1011,0.5,0.00097628153
1012,0.5,0.007513724
1013,0.5,0.010069218
1014,0.5,0.9880521
1015,0.5,0.000764272
1016,0.5,0.5940313
1017,0.5,0.033032574
1018,0.5,0.013722454
1019,0.5,0.37352952
1020,0.5,0.0025221163
1021,0.5,0.019740708
1022,0.5,0.5531103
1023,0.5,0.005580732
1024,0.5,0.00073004124
1025,0.5,0.07941187
1026,0.5,0.009157232
1027,0.5,0.50735176
1028,0.5,0.00067746144
1029,0.5,0.043882012
1030,0.5,0.9312647
1031,0.5,0.002000323
1032,0.5,0.002054417
1033,0.5,0.0021021243
1034,0.5,0.0004488287
1035,0.5,0.016774924
1036,0.5,0.061818715
1037,0.5,0.01597865
1038,0.5,0.976938
1039,0.5,0.074759535
1040,0.5,0.015957026
1041,0.5,0.12436414
1042,0.5,0.095016904
1043,0.5,0.0031087913
1044,0.5,0.009309644
1045,0.5,0.27277023
1046,0.5,0.062143374
1047,0.5,0.98591053
1048,0.5,0.6269608
1049,0.5,0.0068308385
1050,0.5,0.010483762
1051,0.5,0.0101683615
1052,0.5,0.382457
1053,0.5,0.13548425
1054,0.5,0.0025037252
1055,0.5,0.0114011755
1056,0.5,0.04545238
1057,0.5,0.0008046692
1058,0.5,0.0016390146
1059,0.5,0.35337856
1060,0.5,0.9971986
1061,0.5,0.7988224
1062,0.5,0.011402724
1063,0.5,0.0012507823
1064,0.5,0.079412654
1065,0.5,0.12844206
1066,0.5,0.36457658
1067,0.5,0.033652183
1068,0.5,0.99258256
1069,0.5,0.015729483
1070,0.5,0.00079903065
1071,0.5,0.050654754
1072,0.5,0.0005946599
1073,0.5,0.0073568258
1074,0.5,0.00016368774
1075,0.5,0.0023660993
1076,0.5,0.0010956132
1077,0.5,0.011723775
1078,0.5,0.94402087
1079,0.5,0.12944208
1080,0.5,0.0023025936
1081,0.5,0.054882567
1082,0.5,0.0012294679
1083,0.5,0.008452122
1084,0.5,0.008942116
1085,0.5,0.039679404
1086,0.5,0.9450762
1087,0.5,0.003297134
1088,0.5,0.0014568424
1089,0.5,0.03483544
1090,0.5,0.0011077658
1091,0.5,0.011879129
1092,0.5,0.030340372
1093,0.5,0.82691777
1094,0.5,0.4392855
1095,0.5,0.00082869444
1096,0.5,0.00055681367
1097,0.5,0.0023685927
1098,0.5,0.006122352
1099,0.5,0.00319706
1100,0.5,0.000640357
1101,0.5,0.0011421128
1102,0.5,0.74019164
1103,0.5,0.99245775
1104,0.5,0.030365128
1105,0.5,0.21266961
1106,0.5,0.0034833578
1107,0.5,0.12371467
1108,0.5,0.019105937
1109,0.5,0.035258986
1110,0.5,0.010100733
1111,0.5,0.0046608048
1112,0.5,0.012404862
1113,0.5,0.0035034902
1114,0.5,0.0019421384
1115,0.5,0.0062177205
1116,0.5,0.00092260074
1117,0.5,0.0023350404
1118,0.5,0.16958001
1119,0.5,0.005592184
1120,0.5,0.03183609
1121,0.5,0.0017128069
1122,0.5,0.0013127733
1123,0.5,0.0038793357
1124,0.5,0.00013508007
1125,0.5,0.058245752
1126,0.5,6.650151e-05
1127,0.5,0.0060352753
1128,0.5,0.78443485
1129,0.5,0.010594424
1130,0.5,0.10240512
1131,0.5,0.0010288036
1132,0.5,0.00037680435
1133,0.5,0.13942592
1134,0.5,0.0048529413
1135,0.5,0.0017486862
1136,0.5,0.6556662
1137,0.5,0.0002670397
1138,0.5,0.0001424953
1139,0.5,0.22511694
1140,0.5,0.0031028725
1141,0.5,0.4766795
1142,0.5,0.035662778
1143,0.5,0.02102539
1144,0.5,0.069276206
1145,0.5,0.0119751105
1146,0.5,0.010837636
1147,0.5,0.03175412
1148,0.5,0.04996899
1149,0.5,0.12517811
1150,0.5,0.08828136
1151,0.5,0.014190473
1152,0.5,0.00039972796
1153,0.5,0.029315187
1154,0.5,0.0073638246
1155,0.5,0.013192668
1156,0.5,0.04127029
1157,0.5,0.083379015
1158,0.5,0.0034846708
1159,0.5,0.75778425
1160,0.5,0.006566199
1161,0.5,0.5075947
1162,0.5,0.0009038734
1163,0.5,0.8787986
1164,0.5,0.09600856
1165,0.5,0.9890872
1166,0.5,0.0035686146
1167,0.5,0.01088203
1168,0.5,0.023303507
1169,0.5,0.13463661
1170,0.5,0.08528162
1171,0.5,0.0035818508
1172,0.5,0.084866986
1173,0.5,0.082423985
1174,0.5,0.2733536
1175,0.5,0.5952727
1176,0.5,0.7991758
1177,0.5,0.03570101
1178,0.5,0.002695961
1179,0.5,0.80255175
1180,0.5,0.052622806
1181,0.5,0.0010803208
1182,0.5,0.9749451
1183,0.5,0.081881836
1184,0.5,0.8296058
1185,0.5,0.019376954
1186,0.5,0.63492215
1187,0.5,0.0041929954
1188,0.5,0.7468806
1189,0.5,0.8851479
1190,0.5,0.023404513
1191,0.5,0.6065563
1192,0.5,0.10585318
1193,0.5,0.48821855
1194,0.5,0.37701592
1195,0.5,0.0001342668
1196,0.5,0.012385679
1197,0.5,0.000119819684
1198,0.5,0.5877257
1199,0.5,0.0053766365
1200,0.5,0.006535784
1201,0.5,0.0077043474
1202,0.5,0.090963505
1203,0.5,0.5118739
1204,0.5,0.96674037
1205,0.5,0.3112912
1206,0.5,0.03492223
1207,0.5,0.034970965
1208,0.5,0.82342994
1209,0.5,0.0027218175
1210,0.5,0.31426215
1211,0.5,0.21008371
1212,0.5,0.028348893
1213,0.5,0.7009301
1214,0.5,0.014205655
1215,0.5,0.89773977
1216,0.5,0.11045115
1217,0.5,0.005705155
1218,0.5,0.0147138545
1219,0.5,0.03606896
1220,0.5,0.49270165
1221,0.5,0.89525825
1222,0.5,0.0020874022
1223,0.5,0.038418982
1224,0.5,0.07960654
1225,0.5,0.74365556
1226,0.5,0.45311198
1227,0.5,0.001136608
1228,0.5,0.19705679
1229,0.5,0.30415222
1230,0.5,0.72425425
1231,0.5,0.0005024605
1232,0.5,0.009018255
1233,0.5,0.003443038
1234,0.5,0.010135869
1235,0.5,0.006932313
1236,0.5,0.2831371
1237,0.5,0.0015512635
1238,0.5,0.00014140044
1239,0.5,0.056392517
1240,0.5,0.20194788
1241,0.5,0.82976973
1242,0.5,0.00011236056
1243,0.5,0.8037889
1244,0.5,0.00050612504
1245,0.5,0.3712067
1246,0.5,0.99131083
1247,0.5,0.019881949
1248,0.5,0.053950325
1249,0.5,0.081282236
1250,0.5,0.005186976
1251,0.5,0.006857238
1252,0.5,0.15660183
1253,0.5,0.0053393343
1254,0.5,0.04658933
1255,0.5,0.0056355773
1256,0.5,0.017733408
1257,0.5,0.00054496934
1258,0.5,0.0051910495
1259,0.5,0.0040292884
1260,0.5,0.999742
1261,0.5,0.081919394
1262,0.5,0.030528996
1263,0.5,0.0130937975
1264,0.5,0.081254296
1265,0.5,0.0031815988
1266,0.5,0.4829613
1267,0.5,0.7857968
1268,0.5,0.9961959
1269,0.5,0.9900081
1270,0.5,0.0063791624
1271,0.5,0.0013994456
1272,0.5,0.21948023
1273,0.5,0.9568278
1274,0.5,0.04178077
1275,0.5,0.68094516
1276,0.5,0.007484126
1277,0.5,0.011207584
1278,0.5,0.0046089333
1279,0.5,0.3924177
1280,0.5,0.080931626
1281,0.5,0.014826083
1282,0.5,0.005868178
1283,0.5,0.0051000435
1284,0.5,0.009648951
1285,0.5,0.5822713
1286,0.5,0.0050834096
1287,0.5,0.12341706
1288,0.5,0.008691079
1289,0.5,0.0010082048
1290,0.5,0.0627309
1291,0.5,0.90922874
1292,0.5,0.8896693
1293,0.5,0.0005166427
1294,0.5,0.012136001
1295,0.5,0.9974222
1296,0.5,0.8604708
1297,0.5,0.020999875
1298,0.5,0.007838882
1299,0.5,0.026698736
1300,0.5,0.052711047
1301,0.5,0.995926
1302,0.5,0.12468701
1303,0.5,0.9857863
1304,0.5,0.0038534396
1305,0.5,0.019090502
1306,0.5,0.26891807
1307,0.5,0.011389127
1308,0.5,0.0008852741
1309,0.5,0.02152813
1310,0.5,0.9070429
1311,0.5,0.3605342
1312,0.5,0.99852717
1313,0.5,0.0018561665
1314,0.5,0.99873585
1315,0.5,0.99820554
1316,0.5,7.860862e-05
1317,0.5,0.044244003
1318,0.5,0.026835538
1319,0.5,0.23351568
1320,0.5,0.00047104078
1321,0.5,0.0013956027
1322,0.5,0.004750353
1323,0.5,0.01163341
1324,0.5,0.001913999
1325,0.5,0.8708931
1326,0.5,0.00043921758
1327,0.5,0.9771687
1328,0.5,0.94657797
1329,0.5,0.0048422306
1330,0.5,0.9991222
1331,0.5,0.3217208
1332,0.5,0.31933638
1333,0.5,0.023016974
1334,0.5,0.9982577
1335,0.5,0.094962075
1336,0.5,0.7771743
1337,0.5,0.056678683
1338,0.5,0.047843914
1339,0.5,0.3602306
1340,0.5,0.0024595568
1341,0.5,0.0018997343
1342,0.5,0.010159636
1343,0.5,0.006729252
1344,0.5,0.0012232525
1345,0.5,0.0037066666
1346,0.5,0.004680063
1347,0.5,0.0055416096
1348,0.5,0.32906047
1349,0.5,0.26505792
1350,0.5,0.0066334857
1351,0.5,0.009448925
1352,0.5,0.27325067
1353,0.5,0.051508382
1354,0.5,0.40581185
1355,0.5,0.9898885
1356,0.5,0.0756765
1357,0.5,0.3275588
1358,0.5,0.0045899646
1359,0.5,0.0010003042
1360,0.5,0.02090603
1361,0.5,0.29303986
1362,0.5,0.0017662015
1363,0.5,0.0012304954
1364,0.5,0.0067837476
1365,0.5,0.014326925
1366,0.5,0.03699503
1367,0.5,0.01232065
1368,0.5,0.029432433
1369,0.5,0.010651687
1370,0.5,0.030217165
1371,0.5,0.0014925132
1372,0.5,0.00042892073
1373,0.5,0.053460225
1374,0.5,0.00047654883
1375,0.5,0.07355033
1376,0.5,0.8588153
1377,0.5,0.67577076
1378,0.5,0.025328368
1379,0.5,0.67451817
1380,0.5,0.031744264
1381,0.5,0.0023305558
1382,0.5,0.06396164
1383,0.5,0.010474744
1384,0.5,0.0039575873
1385,0.5,0.030532615
1386,0.5,0.020281596
1387,0.5,0.028073115
1388,0.5,0.0049616448
1389,0.5,0.010376389
1390,0.5,0.008352717
1391,0.5,0.18022007
1392,0.5,0.029583896
1393,0.5,0.0053225583
1394,0.5,0.08753938
1395,0.5,0.025791591
1396,0.5,0.0036205086
1397,0.5,0.2825097
1398,0.5,0.001840215
1399,0.5,3.534644e-05
1400,0.5,0.059391867
1401,0.5,0.007399098
1402,0.5,0.016769947
1403,0.5,0.019555584
1404,0.5,0.003252714
1405,0.5,0.99868053
1406,0.5,0.00058809004
1407,0.5,0.0003832918
1408,0.5,0.03354524
1409,0.5,0.03524041
1410,0.5,0.24826382
1411,0.5,0.17402357
1412,0.5,0.031331073
1413,0.5,0.9947994
1414,0.5,0.09365472
1415,0.5,0.0002773667
1416,0.5,0.0074132383
1417,0.5,0.98887455
1418,0.5,0.009722189
1419,0.5,0.0027003568
1420,0.5,0.9504643
1421,0.5,0.019639835
1422,0.5,0.00085880444
1423,0.5,0.0015177636
1424,0.5,0.03269737
1425,0.5,0.10075807
1426,0.5,0.07946529
1427,0.5,0.2521996
1428,0.5,0.847508
1429,0.5,0.16219635
1430,0.5,0.0108796535
1431,0.5,0.002205223
1432,0.5,0.030377444
1433,0.5,0.0012602006
1434,0.5,0.0042602327
1435,0.5,0.017873857
1436,0.5,0.0018708025
1437,0.5,0.040043674
1438,0.5,0.029704528
1439,0.5,0.032871023
1440,0.5,0.1630511
1441,0.5,0.4763574
1442,0.5,0.0017884243
1443,0.5,0.0013245115
1444,0.5,0.00020995855
1445,0.5,0.0020543868
1446,0.5,0.006428526
1447,0.5,0.000466924
1448,0.5,0.009440217
1449,0.5,0.0058484604
1450,0.5,0.0006005061
1451,0.5,0.01581445
1452,0.5,0.020967599
1453,0.5,0.11279185
1454,0.5,0.0029970263
1455,0.5,0.003963375
1456,0.5,0.047837783
1457,0.5,0.03083535
1458,0.5,0.00016803428
1459,0.5,0.008094553
1460,0.5,0.010831918
1461,0.5,0.003530182
1462,0.5,0.034171842
1463,0.5,0.10382727
1464,0.5,0.0069603343
1465,0.5,0.07346588
1466,0.5,0.023977157
1467,0.5,0.004131884
1468,0.5,0.0238937
1469,0.5,0.50895333
1470,0.5,0.0005406894
1471,0.5,0.0049705137
1472,0.5,0.4160773
1473,0.5,0.009307326
1474,0.5,0.96492684
1475,0.5,0.01820448
1476,0.5,0.99413896
1477,0.5,0.9799588
1478,0.5,0.0029298936
1479,0.5,0.004930819
1480,0.5,0.0040099905
1481,0.5,0.006411939
1482,0.5,0.022188226
1483,0.5,0.006922701
1484,0.5,0.045124948
1485,0.5,0.059513144
1486,0.5,0.0073129726
1487,0.5,0.597315
1488,0.5,0.0025126261
1489,0.5,0.01595567
1490,0.5,0.38727215
1491,0.5,0.004220032
1492,0.5,0.0053272205
1493,0.5,0.013120839
1494,0.5,0.054191016
1495,0.5,0.0032817584
1496,0.5,0.044748917
1497,0.5,0.0012561962
1498,0.5,0.00014660928
1499,0.5,0.039163362
1500,0.5,0.024184177
1501,0.5,0.0078083375
1502,0.5,0.98154265
1503,0.5,0.28648525
1504,0.5,0.30065805
1505,0.5,0.0010345919
1506,0.5,0.037600733
1507,0.5,0.36260843
1508,0.5,0.0027065251
1509,0.5,0.839332
1510,0.5,0.008206041
1511,0.5,0.18619986
1512,0.5,0.018113565
1513,0.5,0.44278783
1514,0.5,0.0045215283
1515,0.5,0.019157043
1516,0.5,0.0010800724
1517,0.5,0.020866103
1518,0.5,0.024890088
1519,0.5,0.00031192752
1520,0.5,0.9652834
1521,0.5,0.039498065
1522,0.5,0.0021289394
1523,0.5,0.11542898
1524,0.5,0.039099827
1525,0.5,0.00030616543
1526,0.5,0.16336888
1527,0.5,0.43843636
1528,0.5,0.24302599
1529,0.5,0.14567241
1530,0.5,0.0017573
1531,0.5,0.045656916
1532,0.5,0.0022978452
1533,0.5,0.0018156206
1534,0.5,0.0008769692
1535,0.5,0.161585
1536,0.5,0.030264474
1537,0.5,0.28489748
1538,0.5,0.1273273
1539,0.5,0.0024814645
1540,0.5,0.09703147
1541,0.5,0.31583053
1542,0.5,0.0081068715
1543,0.5,0.0053444826
1544,0.5,0.8256743
1545,0.5,0.8426944
1546,0.5,0.0011041821
1547,0.5,0.16256794
1548,0.5,0.99165183
1549,0.5,0.0450232
1550,0.5,0.011347176
1551,0.5,0.25588632
1552,0.5,0.065975115
1553,0.5,0.0024000497
1554,0.5,0.003827804
1555,0.5,0.9816295
1556,0.5,0.025513759
1557,0.5,0.020841615
1558,0.5,0.06108184
1559,0.5,0.00031956137
1560,0.5,0.60621035
1561,0.5,0.002481376
1562,0.5,0.8332742
1563,0.5,0.9393642
1564,0.5,0.0012413001
1565,0.5,0.8836238
1566,0.5,0.19142051
1567,0.5,0.13148278
1568,0.5,0.03351887
1569,0.5,0.67855024
1570,0.5,0.014242174
1571,0.5,0.6349581
1572,0.5,0.16173938
1573,0.5,0.00038520448
1574,0.5,0.00063752325
1575,0.5,0.0037352748
1576,0.5,0.5048532
1577,0.5,0.0025207037
1578,0.5,0.8634779
1579,0.5,0.04190376
1580,0.5,0.0731056
1581,0.5,0.017510738
1582,0.5,0.14927284
1583,0.5,0.010979515
1584,0.5,0.022754772
1585,0.5,0.6590709
1586,0.5,0.9746176
1587,0.5,0.5190767
1588,0.5,0.40644112
1589,0.5,0.28099293
1590,0.5,0.005249027
1591,0.5,0.0054990263
1592,0.5,0.59151226
1593,0.5,0.0020765134
1594,0.5,0.00054031616
1595,0.5,0.25615147
1596,0.5,0.9124335
1597,0.5,0.4887148
1598,0.5,0.0042328355
1599,0.5,0.009640447
1600,0.5,0.008178733
1601,0.5,0.8431254
1602,0.5,0.0031384306
1603,0.5,0.8014178
1604,0.5,0.9822062
1605,0.5,0.0004666512
1606,0.5,0.0059826123
1607,0.5,0.014468507
1608,0.5,0.07485978
1609,0.5,0.12201013
1610,0.5,0.01219697
1611,0.5,0.013064683
1612,0.5,0.81463915
1613,0.5,0.13241273
1614,0.5,0.002452558
1615,0.5,0.9255483
1616,0.5,0.025083287
1617,0.5,0.1701449
1618,0.5,0.0016397559
1619,0.5,0.013184357
1620,0.5,0.16547547
1621,0.5,0.0056523615
1622,0.5,0.028631875
1623,0.5,0.027519735
1624,0.5,0.007629676
1625,0.5,0.23849483
1626,0.5,0.85294884
1627,0.5,0.0019031414
1628,0.5,0.055164803
1629,0.5,0.00046958827
1630,0.5,0.99850297
1631,0.5,0.02479958
1632,0.5,0.0007333202
1633,0.5,0.00401732
1634,0.5,0.000781378
1635,0.5,0.0044808486
1636,0.5,0.9763431
1637,0.5,0.22341786
1638,0.5,0.0019566128
1639,0.5,0.0007809489
1640,0.5,0.024351696
1641,0.5,0.00015768626
1642,0.5,0.0016659723
1643,0.5,0.4874222
1644,0.5,0.19347979
1645,0.5,0.07432988
1646,0.5,0.0024275468
1647,0.5,0.23006289
1648,0.5,0.035505474
1649,0.5,0.0036613597
1650,0.5,0.9750157
1651,0.5,0.31005165
1652,0.5,0.016658446
1653,0.5,0.004556317
1654,0.5,0.98140717
1655,0.5,0.0013911665
1656,0.5,0.09461441
1657,0.5,0.011183007
1658,0.5,0.018503869
1659,0.5,0.09515183
1660,0.5,0.074031465
1661,0.5,0.034212727
1662,0.5,0.014272567
1663,0.5,0.004392526
1664,0.5,0.0017098229
1665,0.5,0.7828683
1666,0.5,0.086534284
1667,0.5,0.0069858474
1668,0.5,0.0073090545
1669,0.5,0.4986974
1670,0.5,0.0014346015
1671,0.5,0.80340695
1672,0.5,0.14653708
1673,0.5,0.021494381
1674,0.5,0.0052402657
1675,0.5,0.13774517
1676,0.5,0.023813887
1677,0.5,0.012750217
1678,0.5,0.0016905344
1679,0.5,0.012568286
1680,0.5,0.15276633
1681,0.5,0.01203341
1682,0.5,0.040698327
1683,0.5,0.0016703876
1684,0.5,0.06483035
1685,0.5,0.1445608
1686,0.5,0.015932895
1687,0.5,0.29034337
1688,0.5,0.011134596
1689,0.5,0.76300615
1690,0.5,0.011651359
1691,0.5,0.1008853
1692,0.5,0.00070129836
1693,0.5,0.04208967
1694,0.5,0.035749312
1695,0.5,0.025026824
1696,0.5,0.0022897907
1697,0.5,0.018488219
1698,0.5,0.038979545
1699,0.5,0.036745805
1700,0.5,0.0006316539
1701,0.5,0.07370729
1702,0.5,0.004214133
1703,0.5,0.036361285
1704,0.5,0.0017731856
1705,0.5,0.012328509
1706,0.5,0.10431381
1707,0.5,0.0055971607
1708,0.5,0.007389208
1709,0.5,0.0004439396
1710,0.5,0.00049608934
1711,0.5,0.0342211
1712,0.5,0.5178004
1713,0.5,0.004610478
1714,0.5,0.91445315
1715,0.5,0.037505023
1716,0.5,0.009971112
1717,0.5,0.0031776044
1718,0.5,0.022702157
1719,0.5,0.21417747
1720,0.5,0.3528784
1721,0.5,0.10609233
1722,0.5,0.9159181
1723,0.5,0.08701537
1724,0.5,0.02111761
1725,0.5,0.9701384
1726,0.5,0.047570564
1727,0.5,0.26676702
1728,0.5,0.095536426
1729,0.5,0.91081196
1730,0.5,0.96593875
1731,0.5,0.20658262
1732,0.5,0.97948277
1733,0.5,0.029832484
1734,0.5,0.0009812069
1735,0.5,0.07628169
1736,0.5,0.029671306
1737,0.5,0.0013565103
1738,0.5,0.06130737
1739,0.5,0.0690785
1740,0.5,0.0003004198
1741,0.5,0.0022820376
1742,0.5,0.0013381195
1743,0.5,0.006780166
1744,0.5,0.0073853997
1745,0.5,0.9711184
1746,0.5,0.04405462
1747,0.5,0.5040282
1748,0.5,0.7659584
1749,0.5,0.0032179507
1750,0.5,0.0067062764
1751,0.5,0.043811124
1752,0.5,0.902603
1753,0.5,0.0020088875
1754,0.5,0.0005993231
1755,0.5,0.17926896
1756,0.5,0.010900394
1757,0.5,0.96347857
1758,0.5,0.9840808
1759,0.5,0.06773205
1760,0.5,0.76789296
1761,0.5,0.99806374
1762,0.5,0.29389912
1763,0.5,0.011498108
1764,0.5,0.030504731
1765,0.5,0.23416471
1766,0.5,0.74055886
1767,0.5,0.004653336
1768,0.5,0.089422695
1769,0.5,0.0017068384
1770,0.5,0.001890153
1771,0.5,0.15183839
1772,0.5,0.0024776584
1773,0.5,0.81059134
1774,0.5,0.6116734
1775,0.5,0.026293825
1776,0.5,0.0039455397
1777,0.5,0.08631133
1778,0.5,0.006523664
1779,0.5,0.0027104046
1780,0.5,0.0334507
1781,0.5,0.03375631
1782,0.5,0.009471942
1783,0.5,0.071167305
1784,0.5,0.06879637
1785,0.5,0.014456791
1786,0.5,0.066247486
1787,0.5,0.10152512
1788,0.5,0.022322986
1789,0.5,0.08064891
1790,0.5,0.001585907
1791,0.5,0.76826215
1792,0.5,0.020239929
1793,0.5,0.0033322084
1794,0.5,0.2777128
1795,0.5,0.0032058598
1796,0.5,0.0017595473
1797,0.5,0.14053737
1798,0.5,0.9859941
1799,0.5,0.0021349743
1800,0.5,0.5589446
1801,0.5,0.011403347
1802,0.5,0.00850878
1803,0.5,0.11473055
1804,0.5,0.55608654
1805,0.5,0.07160692
1806,0.5,0.010276756
1807,0.5,0.003265954
1808,0.5,0.86338747
1809,0.5,0.009284784
1810,0.5,0.88567036
1811,0.5,0.011687942
1812,0.5,0.0043958034
1813,0.5,0.099562556
1814,0.5,0.3226913
1815,0.5,0.1977103
1816,0.5,0.1434233
1817,0.5,0.024869183
1818,0.5,0.00057247566
1819,0.5,0.0005875744
1820,0.5,0.0023292436
1821,0.5,0.0009424158
1822,0.5,0.012276455
1823,0.5,0.0067378595
1824,0.5,0.00075766834
1825,0.5,0.021068068
1826,0.5,0.75058925
1827,0.5,0.4528191
1828,0.5,0.028178582
1829,0.5,0.016991505
1830,0.5,0.12442995
1831,0.5,0.017336475
1832,0.5,0.009298049
1833,0.5,0.015477657
1834,0.5,0.98657125
1835,0.5,0.03133391
1836,0.5,0.033141177
1837,0.5,0.11175524
1838,0.5,0.53175086
1839,0.5,0.9684927
1840,0.5,0.0061364807
1841,0.5,0.0037349872
1842,0.5,0.17146224
1843,0.5,0.9085435
1844,0.5,0.31453863
1845,0.5,0.005018397
1846,0.5,0.46279743
1847,0.5,0.0030963556
1848,0.5,0.91273403
1849,0.5,0.0004017293
1850,0.5,0.0327108
1851,0.5,0.82487416
1852,0.5,0.05384691
1853,0.5,0.31377393
1854,0.5,0.34754646
1855,0.5,0.15471552
1856,0.5,0.0039054428
1857,0.5,0.0027876017
1858,0.5,0.017145704
1859,0.5,0.004365121
1860,0.5,0.13807511
1861,0.5,0.007996036
1862,0.5,0.17686106
1863,0.5,0.1111847
1864,0.5,0.9987173
1865,0.5,0.9117327
1866,0.5,0.9686271
1867,0.5,0.004649045
1868,0.5,0.0042240275
1869,0.5,0.0012086246
1870,0.5,0.027956465
1871,0.5,0.004051797
1872,0.5,0.001392528
1873,0.5,0.0019202132
1874,0.5,0.00020993852
1875,0.5,0.0745604
1876,0.5,0.012052025
1877,0.5,0.040558066
1878,0.5,0.49225014
1879,0.5,0.0050319484
1880,0.5,0.33729404
1881,0.5,0.039505646
1882,0.5,0.042119507
1883,0.5,0.0011047091
1884,0.5,0.0017592601
1885,0.5,0.9936
1886,0.5,0.0115240915
1887,0.5,0.009807038
1888,0.5,0.13312356
1889,0.5,0.0021827267
1890,0.5,0.0016406914
1891,0.5,0.95936894
1892,0.5,0.0010114609
1893,0.5,0.090781644
1894,0.5,0.78912836
1895,0.5,0.0021458145
1896,0.5,0.014329203
1897,0.5,0.009434952
1898,0.5,0.00044474693
1899,0.5,0.020649364
1900,0.5,0.0026716704
1901,0.5,0.017757045
1902,0.5,0.0012429677
1903,0.5,0.028479058
1904,0.5,0.06265566
1905,0.5,0.008817358
1906,0.5,0.0020605724
1907,0.5,0.19024888
1908,0.5,0.0011298836
1909,0.5,0.0032288455
1910,0.5,0.007125847
1911,0.5,0.008353266
1912,0.5,0.011018054
1913,0.5,0.029909624
1914,0.5,0.0010591076
1915,0.5,0.55051047
1916,0.5,0.00089049607
1917,0.5,0.85785955
1918,0.5,0.005043081
1919,0.5,0.0013462912
1920,0.5,0.009504898
1921,0.5,0.009205795
1922,0.5,0.12617251
1923,0.5,0.10592332
1924,0.5,0.00013390458
1925,0.5,0.0050244885
1926,0.5,0.0031391631
1927,0.5,0.35864744
1928,0.5,0.22150956
1929,0.5,0.009907176
1930,0.5,0.8637937
1931,0.5,0.2453552
1932,0.5,0.00826827
1933,0.5,0.26750803
1934,0.5,0.90099525
1935,0.5,0.00092273345
1936,0.5,0.0021739998
1937,0.5,0.34516966
1938,0.5,0.003544455
1939,0.5,0.54874605
1940,0.5,0.95197666
1941,0.5,0.058268946
1942,0.5,0.49502602
1943,0.5,0.003129275
1944,0.5,0.0031557174
1945,0.5,0.0025384089
1946,0.5,0.82230777
1947,0.5,0.009190975
1948,0.5,0.57271016
1949,0.5,0.015339716
1950,0.5,0.029037694
1951,0.5,0.0017622673
1952,0.5,0.026075825
1953,0.5,0.9260195
1954,0.5,0.002812871
1955,0.5,0.5252627
1956,0.5,0.0033860449
1957,0.5,0.0944769
1958,0.5,0.00038397682
1959,0.5,0.0048376904
1960,0.5,0.41924426
1961,0.5,0.035911348
1962,0.5,0.6902326
1963,0.5,0.6386561
1964,0.5,0.012906749
1965,0.5,0.0043835267
1966,0.5,0.9277566
1967,0.5,0.82941556
1968,0.5,0.028549548
1969,0.5,0.006425295
1970,0.5,0.5088247
1971,0.5,0.03147565
1972,0.5,0.7389093
1973,0.5,0.15055224
1974,0.5,0.012984862
1975,0.5,0.08455405
1976,0.5,0.037111208
1977,0.5,0.044665992
1978,0.5,0.011524151
1979,0.5,0.037206694
1980,0.5,0.014488839
1981,0.5,0.006885437
1982,0.5,0.010405427
1983,0.5,0.011713211
1984,0.5,0.0098653035
1985,0.5,0.0009862408
1986,0.5,0.014068645
1987,0.5,0.0010762787
1988,0.5,0.015571676
1989,0.5,0.023026733
1990,0.5,0.0032047248
1991,0.5,0.00612927
1992,0.5,0.0060045864
1993,0.5,0.8895772
1994,0.5,0.022802806
1995,0.5,0.9995339
1996,0.5,0.0018239903
1997,0.5,0.2265636
1998,0.5,0.00039503555
1999,0.5,0.08044499
2000,0.5,0.0024209507
2001,0.5,0.0101398695
2002,0.5,0.0033475107
2003,0.5,0.9418232
2004,0.5,0.0019396133
2005,0.5,0.8404636
2006,0.5,0.025540678
2007,0.5,0.024323173
2008,0.5,0.018765965
2009,0.5,0.036820672
2010,0.5,0.0052005043
2011,0.5,0.017530808
2012,0.5,0.011152656
2013,0.5,0.00026268474
2014,0.5,0.011490516
2015,0.5,0.0022022286
2016,0.5,0.08820023
2017,0.5,0.97518426
2018,0.5,0.0038042413
2019,0.5,0.94702893
2020,0.5,0.8670282
2021,0.5,0.00660378
2022,0.5,0.023635477
2023,0.5,0.9374259
2024,0.5,0.031719554
2025,0.5,0.80777085
2026,0.5,0.0057782107
2027,0.5,0.010501253
2028,0.5,0.024629349
2029,0.5,0.020999998
2030,0.5,0.0012541076
2031,0.5,0.019681288
2032,0.5,0.021808071
2033,0.5,0.9920123
2034,0.5,0.040779646
2035,0.5,0.9799336
2036,0.5,0.013947379
2037,0.5,0.13323455
2038,0.5,0.040954843
2039,0.5,0.9879241
2040,0.5,0.16735795
2041,0.5,0.9834637
2042,0.5,0.1638726
2043,0.5,0.8375719
2044,0.5,0.027186686
2045,0.5,0.4022412
2046,0.5,0.042442918
2047,0.5,0.042308938
2048,0.5,0.045230847
2049,0.5,0.029776435
2050,0.5,0.9861952
2051,0.5,0.05181492
2052,0.5,0.46790993
2053,0.5,0.012518438
2054,0.5,0.0009467911
2055,0.5,0.48588836
2056,0.5,0.04661645
2057,0.5,0.9231641
2058,0.5,0.33203882
2059,0.5,0.01077209
2060,0.5,0.2629815
2061,0.5,0.002341979
2062,0.5,0.027654655
2063,0.5,0.0016967495
2064,0.5,0.00021938578
2065,0.5,0.9745709
2066,0.5,0.6684422
2067,0.5,0.016482137
2068,0.5,0.013968878
2069,0.5,0.99725515
2070,0.5,0.022032013
2071,0.5,0.023305455
2072,0.5,0.0759261
2073,0.5,0.005722026
2074,0.5,0.028744355
2075,0.5,0.057438243
2076,0.5,0.04614889
2077,0.5,0.006125486
2078,0.5,0.013947386
2079,0.5,0.93910384
2080,0.5,0.0136789875
2081,0.5,0.021661796
2082,0.5,0.27648264
2083,0.5,0.17252247
2084,0.5,0.9527358
2085,0.5,0.00052416424
2086,0.5,0.99612635
2087,0.5,0.9739948
2088,0.5,0.5231324
2089,0.5,0.0030435119
2090,0.5,0.003998833
2091,0.5,0.32795238
2092,0.5,0.5076696
2093,0.5,0.002122344
2094,0.5,0.97216517
2095,0.5,0.99689376
2096,0.5,0.0005920373
2097,0.5,0.039427314
2098,0.5,0.11450821
2099,0.5,0.0022470667
2100,0.5,0.01945523
2101,0.5,0.05398208
2102,0.5,0.0026962827
2103,0.5,0.036878332
2104,0.5,0.23974976
2105,0.5,0.0036603857
2106,0.5,0.0033305697
2107,0.5,0.014937471
2108,0.5,0.0021380994
2109,0.5,0.4273908
2110,0.5,0.03197613
2111,0.5,0.9868699
2112,0.5,0.94211394
2113,0.5,0.0061841244
2114,0.5,0.02187673
2115,0.5,0.06551873
2116,0.5,0.008867533
2117,0.5,0.048293732
2118,0.5,0.006896862
2119,0.5,0.23488948
2120,0.5,0.9934098
2121,0.5,0.9370619
2122,0.5,0.39866063
2123,0.5,0.016313853
2124,0.5,0.015507221
2125,0.5,0.0037245865
2126,0.5,0.0072194706
2127,0.5,0.017529888
2128,0.5,0.0076561705
2129,0.5,0.006411678
2130,0.5,0.002989949
2131,0.5,0.23766972
2132,0.5,0.02856767
2133,0.5,0.015242823
2134,0.5,0.004485145
2135,0.5,0.04905447
2136,0.5,0.000474096
2137,0.5,0.0070295897
2138,0.5,0.009786833
2139,0.5,0.05192029
2140,0.5,0.0025060019
2141,0.5,0.0015731945
2142,0.5,0.005404318
2143,0.5,0.5316282
2144,0.5,0.11087738
2145,0.5,0.7377252
2146,0.5,0.96425945
2147,0.5,0.22157878
2148,0.5,0.23042558
2149,0.5,0.724982
2150,0.5,0.95811826
2151,0.5,0.28895867
2152,0.5,0.18462116
2153,0.5,0.005166018
2154,0.5,0.004742354
2155,0.5,0.28451854
2156,0.5,0.0023888745
2157,0.5,0.99887043
2158,0.5,0.0016678307
2159,0.5,0.9957487
2160,0.5,0.041074198
2161,0.5,0.7720427
2162,0.5,0.009118263
2163,0.5,0.010070326
2164,0.5,0.007805826
2165,0.5,0.0140921585
2166,0.5,0.0020337736
2167,0.5,0.0036557247
2168,0.5,0.9857438
2169,0.5,0.11818526
2170,0.5,0.002174992
2171,0.5,0.006630322
2172,0.5,0.09970862
2173,0.5,0.006409507
2174,0.5,0.007890095
2175,0.5,0.0010457031
2176,0.5,0.59293437
2177,0.5,0.007307159
2178,0.5,0.0012820782
2179,0.5,0.80191505
2180,0.5,0.14545724
2181,0.5,0.01084074
2182,0.5,0.0004701976
2183,0.5,0.027761463
2184,0.5,0.07658372
2185,0.5,0.0012150233
2186,0.5,0.009185115
2187,0.5,0.00033258557
2188,0.5,0.026905619
2189,0.5,0.024267446
2190,0.5,0.42029414
2191,0.5,0.073892616
2192,0.5,0.00257095
2193,0.5,0.0055123107
2194,0.5,0.0053687296
2195,0.5,0.0005614929
2196,0.5,0.008999724
2197,0.5,0.9451297
2198,0.5,0.33698738
2199,0.5,0.0038379615
2200,0.5,0.012089043
2201,0.5,0.043575272
2202,0.5,0.0031790608
2203,0.5,0.0035995014
2204,0.5,0.0007956022
2205,0.5,0.48368886
2206,0.5,0.035603955
2207,0.5,0.12142306
2208,0.5,0.029801723
2209,0.5,0.07158619
2210,0.5,0.0013526994
2211,0.5,0.03873435
2212,0.5,0.010732925
2213,0.5,0.00091372523
2214,0.5,0.6562137
2215,0.5,0.0016308834
2216,0.5,0.0011302561
2217,0.5,0.83366257
2218,0.5,0.1379176
2219,0.5,0.02927682
2220,0.5,0.87671995
2221,0.5,0.029038202
2222,0.5,0.0010346895
2223,0.5,0.03228289
2224,0.5,0.22580922
2225,0.5,0.06382865
2226,0.5,0.10450374
2227,0.5,0.006914943
2228,0.5,0.1640613
2229,0.5,0.0021183435
2230,0.5,0.498315
2231,0.5,0.00066764303
2232,0.5,0.008353858
2233,0.5,0.0013833084
2234,0.5,0.70241755
2235,0.5,0.0078832675
2236,0.5,0.0052917954
2237,0.5,0.0013238222
2238,0.5,0.0018853894
2239,0.5,0.045325946
2240,0.5,0.0074746674
2241,0.5,0.00068030565
2242,0.5,0.0013264656
2243,0.5,0.20470129
2244,0.5,0.008149609
2245,0.5,0.038673215
2246,0.5,0.0011820389
2247,0.5,0.002803184
2248,0.5,0.31355512
2249,0.5,0.89659745
2250,0.5,0.00089967006
2251,0.5,0.017534003
2252,0.5,0.002627231
2253,0.5,0.001985849
2254,0.5,0.032595128
2255,0.5,0.03155868
2256,0.5,0.028439267
2257,0.5,0.80481035
2258,0.5,0.0006499227
2259,0.5,0.04171395
2260,0.5,0.05059462
2261,0.5,0.046628233
2262,0.5,0.026189672
2263,0.5,0.9430649
2264,0.5,0.63845783
2265,0.5,0.0062396536
2266,0.5,0.0009362761
2267,0.5,0.0045173173
2268,0.5,0.03920256
2269,0.5,0.7590489
2270,0.5,0.9988426
2271,0.5,0.009382179
2272,0.5,0.9085128
2273,0.5,0.049305953
2274,0.5,0.3760002
2275,0.5,0.0032921312
2276,0.5,0.007067666
2277,0.5,0.04077365
2278,0.5,0.0037993346
2279,0.5,0.005596075
2280,0.5,0.0060061063
2281,0.5,0.0013685784
2282,0.5,0.07096741
2283,0.5,0.87660676
2284,0.5,0.6445485
2285,0.5,0.0013073673
2286,0.5,0.1436749
2287,0.5,0.55842084
2288,0.5,0.01599013
2289,0.5,0.0024703497
2290,0.5,0.97456723
2291,0.5,0.022446068
2292,0.5,0.045701068
2293,0.5,0.015867468
2294,0.5,0.036742464
2295,0.5,0.024222476
2296,0.5,0.6062474
2297,0.5,0.03503855
2298,0.5,0.5059972
2299,0.5,0.04062815
2300,0.5,0.0105323605
2301,0.5,0.02743657
2302,0.5,0.004649592
2303,0.5,0.28404844
2304,0.5,0.009232769
2305,0.5,0.071129054
2306,0.5,0.015673164
2307,0.5,0.007643447
2308,0.5,0.0101423105
2309,0.5,0.0057662195
2310,0.5,0.00012999376
2311,0.5,0.50316864
2312,0.5,0.16746938
2313,0.5,0.011768656
2314,0.5,0.019376384
2315,0.5,0.04224048
2316,0.5,0.00042698538
2317,0.5,0.4571619
2318,0.5,0.008746451
2319,0.5,0.0033102478
2320,0.5,0.15462635
2321,0.5,0.010831668
2322,0.5,0.0016768896
2323,0.5,0.0072425283
2324,0.5,0.32742602
2325,0.5,0.00027226258
2326,0.5,0.9953544
2327,0.5,0.27232444
2328,0.5,0.008782354
2329,0.5,0.9581922
2330,0.5,0.033443794
2331,0.5,0.5712201
2332,0.5,0.8547177
2333,0.5,0.0030559103
2334,0.5,0.5204188
2335,0.5,0.0073957155
2336,0.5,0.00045726885
2337,0.5,0.002637785
2338,0.5,0.024439666
2339,0.5,0.0013267606
2340,0.5,0.9321204
2341,0.5,0.97960186
2342,0.5,0.00028663265
2343,0.5,0.0009181757
2344,0.5,0.012092289
2345,0.5,0.0022310875
2346,0.5,0.18906526
2347,0.5,0.03154398
2348,0.5,0.0043004067
2349,0.5,0.0013157274
2350,0.5,0.7013853
2351,0.5,0.11620557
2352,0.5,0.99929214
2353,0.5,0.0040476196
2354,0.5,0.036391076
2355,0.5,0.02232956
2356,0.5,0.012920583
2357,0.5,0.0052451054
2358,0.5,0.3324709
2359,0.5,0.005363123
2360,0.5,0.83702755
2361,0.5,0.3226817
2362,0.5,0.00027989378
2363,0.5,0.088677265
2364,0.5,0.021300105
2365,0.5,0.15674752
2366,0.5,0.624113
2367,0.5,0.020903183
2368,0.5,0.03274745
2369,0.5,0.0043587014
2370,0.5,0.052998573
2371,0.5,0.06436731
2372,0.5,0.036516324
2373,0.5,0.047935575
2374,0.5,0.00036762177
2375,0.5,0.49735063
2376,0.5,0.001417794
2377,0.5,0.22095408
2378,0.5,0.00023308008
2379,0.5,0.032673802
2380,0.5,0.0056920564
2381,0.5,0.3916845
2382,0.5,0.013892636
2383,0.5,0.6055022
2384,0.5,0.1177251
2385,0.5,0.0025653888
2386,0.5,0.008417287
2387,0.5,0.073046
2388,0.5,0.14778736
2389,0.5,0.004571841
2390,0.5,0.008433676
2391,0.5,0.0030627311
2392,0.5,0.008555354
2393,0.5,0.0137804765
2394,0.5,0.00017349632
2395,0.5,0.02894073
2396,0.5,0.0949159
2397,0.5,0.026037542
2398,0.5,0.0046833092
2399,0.5,0.0071386714
2400,0.5,0.00999754
2401,0.5,0.9911094
2402,0.5,0.006009666
2403,0.5,0.0020801865
2404,0.5,0.0019067081
2405,0.5,0.060143027
2406,0.5,0.00050570694
2407,0.5,0.95355195
2408,0.5,0.00012255905
2409,0.5,0.029267957
2410,0.5,0.0043689753
2411,0.5,0.14659366
2412,0.5,0.09091906
2413,0.5,0.008492748
2414,0.5,0.87964934
2415,0.5,0.0013834804
2416,0.5,0.009163117
2417,0.5,0.001054578
2418,0.5,0.008244371
2419,0.5,0.02157619
2420,0.5,0.43453267
2421,0.5,0.0005937871
2422,0.5,0.34722903
2423,0.5,0.052540243
2424,0.5,0.0004924184
2425,0.5,0.0007128484
2426,0.5,0.24211006
2427,0.5,0.7529896
2428,0.5,0.94379747
2429,0.5,0.11433015
2430,0.5,0.43572196
2431,0.5,0.015534224
2432,0.5,0.48399767
2433,0.5,0.036785215
2434,0.5,0.43482757
2435,0.5,0.006061724
2436,0.5,0.0144280745
2437,0.5,0.018225865
2438,0.5,0.0050545707
2439,0.5,0.11975506
2440,0.5,0.004327188
2441,0.5,0.06597938
2442,0.5,0.32551947
2443,0.5,0.8102982
2444,0.5,0.033469528
2445,0.5,0.0029933196
2446,0.5,0.081160985
2447,0.5,0.77708346
2448,0.5,0.00064685894
2449,0.5,0.63463897
2450,0.5,0.9509469
2451,0.5,0.0069719944
2452,0.5,0.0023853432
2453,0.5,0.002958014
2454,0.5,0.0094649065
2455,0.5,0.008644791
2456,0.5,0.70223755
2457,0.5,0.0012698948
2458,0.5,0.5602056
2459,0.5,0.0034559416
2460,0.5,0.0005015791
2461,0.5,0.004882474
2462,0.5,0.009564163
2463,0.5,0.06071379
2464,0.5,0.50250965
2465,0.5,0.0032801009
2466,0.5,0.041459374
2467,0.5,0.005284965
2468,0.5,0.14665495
2469,0.5,0.020061854
2470,0.5,0.08613536
2471,0.5,0.016706726
2472,0.5,0.022740243
2473,0.5,0.0010587722
2474,0.5,0.9591284
2475,0.5,0.0012789048
2476,0.5,0.011843228
2477,0.5,0.008294622
2478,0.5,0.0016750251
2479,0.5,0.031718843
2480,0.5,0.9515743
2481,0.5,0.0046209083
2482,0.5,0.01768056
2483,0.5,0.7069436
2484,0.5,0.0007037846
2485,0.5,0.23600195
2486,0.5,0.008929254
2487,0.5,0.42282176
2488,0.5,0.50670356
2489,0.5,0.009934266
2490,0.5,0.06734946
2491,0.5,0.19305626
2492,0.5,0.25649887
2493,0.5,0.19190402
2494,0.5,0.35279384
2495,0.5,0.22154163
2496,0.5,0.002787656
2497,0.5,0.99934644
2498,0.5,0.0010663911
2499,0.5,0.00019882356
2500,0.5,0.0021615957
2501,0.5,0.999798
2502,0.5,0.32697403
2503,0.5,0.8771281
2504,0.5,0.019976893
2505,0.5,0.09499876
2506,0.5,0.007631405
2507,0.5,0.46125618
2508,0.5,0.0009730092
2509,0.5,0.016012874
2510,0.5,0.018145628
2511,0.5,0.00045222318
2512,0.5,0.77492565
2513,0.5,0.07655225
2514,0.5,0.97745854
2515,0.5,0.0020938772
2516,0.5,0.009343957
2517,0.5,0.029020274
2518,0.5,0.51205134
2519,0.5,0.03480227
2520,0.5,0.00734397
2521,0.5,0.9835724
2522,0.5,0.0036497528
2523,0.5,0.00073491107
2524,0.5,0.31567207
2525,0.5,0.0023138535
2526,0.5,0.0030807399
2527,0.5,0.4436105
2528,0.5,0.00030692937
2529,0.5,0.0021062354
2530,0.5,0.0327303
2531,0.5,0.26454926
2532,0.5,0.6645525
2533,0.5,0.022483682
2534,0.5,0.0011112405
2535,0.5,0.03199643
2536,0.5,0.09277662
2537,0.5,0.93577343
2538,0.5,0.027570078
2539,0.5,0.066790715
2540,0.5,0.013115721
2541,0.5,0.0026851262
2542,0.5,0.96850663
2543,0.5,0.005611518
2544,0.5,0.9654627
2545,0.5,0.009774262
2546,0.5,0.19287652
2547,0.5,0.0009164172
2548,0.5,0.0051404545
2549,0.5,0.048913773
2550,0.5,0.010972304
2551,0.5,0.031042239
2552,0.5,0.008572864
2553,0.5,0.04210875
2554,0.5,0.21518609
2555,0.5,0.002025821
2556,0.5,0.0054162294
2557,0.5,0.008525778
2558,0.5,0.0039793416
2559,0.5,0.004345263
2560,0.5,0.06539233
2561,0.5,0.004151415
2562,0.5,0.0063140835
2563,0.5,0.139703
2564,0.5,0.45887938
2565,0.5,0.9876221
2566,0.5,0.0015673909
2567,0.5,0.0008972889
2568,0.5,0.0046456615
2569,0.5,0.8327785
2570,0.5,0.0034284338
2571,0.5,0.0038498058
2572,0.5,0.010210033
2573,0.5,0.0041819937
2574,0.5,0.01240537
2575,0.5,0.0022498404
2576,0.5,0.05966132
2577,0.5,0.003049219
2578,0.5,0.3681343
2579,0.5,0.88440853
2580,0.5,0.06155406
2581,0.5,0.05757404
2582,0.5,0.0442219
2583,0.5,0.24609192
2584,0.5,0.6393334
2585,0.5,0.022903202
2586,0.5,0.0010793451
2587,0.5,0.008222589
2588,0.5,0.99230546
2589,0.5,0.12198276
2590,0.5,0.6597712
2591,0.5,0.46568948
2592,0.5,0.0020924888
2593,0.5,0.05152813
2594,0.5,0.0006716045
2595,0.5,0.6954035
2596,0.5,0.89463925
2597,0.5,0.031738907
2598,0.5,0.009176591
2599,0.5,0.27745068
2600,0.5,0.59720385
2601,0.5,0.002747963
2602,0.5,0.0070994897
2603,0.5,0.48339218
2604,0.5,0.83200014
2605,0.5,0.0049640043
2606,0.5,0.014148176
2607,0.5,0.004217422
2608,0.5,0.0013065701
2609,0.5,0.61677873
2610,0.5,0.9994411
2611,0.5,0.98667914
2612,0.5,0.0022053544
2613,0.5,0.00014505105
2614,0.5,0.66140616
2615,0.5,0.18573731
2616,0.5,0.00050347304
2617,0.5,0.1901745
2618,0.5,0.022388753
2619,0.5,0.0021235258
2620,0.5,0.015822668
2621,0.5,0.99453163
2622,0.5,0.5182037
2623,0.5,0.012779048
2624,0.5,0.0045156428
2625,0.5,0.771397
2626,0.5,0.0016344618
2627,0.5,0.020593768
2628,0.5,0.0142283635
2629,0.5,0.25738382
2630,0.5,0.029046433
2631,0.5,0.80587983
2632,0.5,0.06738851
2633,0.5,0.0062876223
2634,0.5,0.009700274
2635,0.5,0.99804413
2636,0.5,0.2608825
2637,0.5,0.03326714
2638,0.5,0.0048356913
2639,0.5,0.9650501
2640,0.5,0.009144288
2641,0.5,0.003300003
2642,0.5,0.0015313472
2643,0.5,0.36909643
2644,0.5,0.001200296
2645,0.5,0.0013704996
2646,0.5,0.007896929
2647,0.5,0.7295174
2648,0.5,0.0042871535
2649,0.5,0.972552
2650,0.5,0.014731721
2651,0.5,0.1619344
2652,0.5,0.016302623
2653,0.5,0.010871954
2654,0.5,0.0018637717
2655,0.5,0.03691855
2656,0.5,0.9950382
2657,0.5,0.15317218
2658,0.5,0.92914385
2659,0.5,0.0012039475
2660,0.5,0.9164257
2661,0.5,0.05448545
2662,0.5,0.0031581966
2663,0.5,0.8714052
2664,0.5,0.0002155487
2665,0.5,0.0135428915
2666,0.5,0.0021035562
2667,0.5,0.99505496
2668,0.5,0.0092405835
2669,0.5,0.0010198647
2670,0.5,0.0077328375
2671,0.5,0.009406882
2672,0.5,0.007319376
2673,0.5,0.12234781
2674,0.5,0.073343426
2675,0.5,0.008983612
2676,0.5,0.3928386
2677,0.5,0.010337466
2678,0.5,0.006414328
2679,0.5,0.51994544
2680,0.5,0.011885647
2681,0.5,0.0024978302
2682,0.5,0.018340087
2683,0.5,0.91951334
2684,0.5,0.046322774
2685,0.5,0.9723245
2686,0.5,0.008667451
2687,0.5,0.0040491484
2688,0.5,0.0013067083
2689,0.5,0.8470915
2690,0.5,0.00047428382
2691,0.5,0.014461887
2692,0.5,0.9982222
2693,0.5,0.07453979
2694,0.5,0.9627881
2695,0.5,0.6910195
2696,0.5,0.45291632
2697,0.5,0.002109428
2698,0.5,0.0030076527
2699,0.5,0.0025738543
2700,0.5,0.17340183
2701,0.5,0.00073762814
2702,0.5,0.015248127
2703,0.5,0.0046276115
2704,0.5,0.0024658756
2705,0.5,0.118924215
2706,0.5,0.027901337
2707,0.5,0.88693696
2708,0.5,0.03196543
2709,0.5,0.023105064
2710,0.5,0.65638477
2711,0.5,0.106674075
2712,0.5,0.016697383
2713,0.5,0.0012237366
2714,0.5,0.6868294
2715,0.5,0.7190865
2716,0.5,0.61040634
2717,0.5,0.0047694203
2718,0.5,0.002332154
2719,0.5,0.7892959
2720,0.5,0.02161091
2721,0.5,0.3389896
2722,0.5,0.25554904
2723,0.5,0.019063527
2724,0.5,0.1876329
2725,0.5,0.0039745495
2726,0.5,0.000681262
2727,0.5,0.00099783
2728,0.5,0.71076965
2729,0.5,0.0019124082
2730,0.5,0.5084045
2731,0.5,0.010789599
2732,0.5,0.92676115
2733,0.5,0.10576755
2734,0.5,0.9835074
2735,0.5,0.9134906
2736,0.5,0.0009052292
2737,0.5,0.007572897
2738,0.5,0.38861617
2739,0.5,0.42958435
2740,0.5,0.76853985
2741,0.5,0.012586283
2742,0.5,0.0013244451
2743,0.5,0.80610806
2744,0.5,0.00023586085
2745,0.5,0.019072797
2746,0.5,0.5224128
2747,0.5,0.25108418
2748,0.5,0.0046411497
2749,0.5,0.08128576
2750,0.5,0.20893537
2751,0.5,0.10828241
2752,0.5,0.86800987
2753,0.5,0.031459764
2754,0.5,0.013062576
2755,0.5,0.21531361
2756,0.5,0.0062632775
2757,0.5,0.003218662
2758,0.5,0.023961008
2759,0.5,0.0042498442
2760,0.5,0.0047082426
2761,0.5,0.0186289
2762,0.5,0.19215879
2763,0.5,0.47949886
2764,0.5,0.013408327
2765,0.5,0.8174057
2766,0.5,0.987672
2767,0.5,0.20495552
2768,0.5,0.0010545418
2769,0.5,0.018409796
2770,0.5,0.078269
2771,0.5,0.9703158
2772,0.5,0.012887086
2773,0.5,0.99879587
2774,0.5,0.003759203
2775,0.5,0.01714118
2776,0.5,0.5716017
2777,0.5,0.037306186
2778,0.5,0.026457962
2779,0.5,0.0023224961
2780,0.5,0.09347081
2781,0.5,0.91456264
2782,0.5,0.030958595
2783,0.5,0.0072713266
2784,0.5,0.0043545007
2785,0.5,0.9182465
2786,0.5,0.042816985
2787,0.5,0.0019425082
2788,0.5,0.01587634
2789,0.5,0.03499478
2790,0.5,0.0005511574
2791,0.5,0.010764543
2792,0.5,0.0028088053
2793,0.5,0.108115256
2794,0.5,0.013407728
2795,0.5,0.00067991286
2796,0.5,0.00881933
2797,0.5,0.78848076
2798,0.5,0.03480255
2799,0.5,0.97271043
2800,0.5,0.008036137
2801,0.5,0.0035751963
2802,0.5,0.0019487499
2803,0.5,0.25968853
2804,0.5,0.008489211
2805,0.5,0.23859505
2806,0.5,0.069515385
2807,0.5,0.00506062
2808,0.5,0.0018444774
2809,0.5,0.0054055206
2810,0.5,0.017008748
2811,0.5,0.076092206
2812,0.5,0.0017521473
2813,0.5,0.10296174
2814,0.5,0.00685134
2815,0.5,0.8887416
2816,0.5,0.0032869843
2817,0.5,0.024432532
2818,0.5,0.26539698
2819,0.5,0.99329054
2820,0.5,0.15595318
2821,0.5,0.055647787
2822,0.5,0.0059972024
2823,0.5,0.0009446492
2824,0.5,0.0023761562
2825,0.5,0.092685275
2826,0.5,0.021037376
2827,0.5,0.9224307
2828,0.5,0.034199134
2829,0.5,0.09468073
2830,0.5,0.9844602
2831,0.5,0.046283532
2832,0.5,0.030300312
2833,0.5,0.24868174
2834,0.5,0.0124981655
2835,0.5,0.0006946913
2836,0.5,0.00014036054
2837,0.5,0.93806493
2838,0.5,0.16578135
2839,0.5,0.012045571
2840,0.5,0.011208287
2841,0.5,0.15819335
2842,0.5,0.9065139
2843,0.5,0.004018671
2844,0.5,0.9874073
2845,0.5,0.94523805
2846,0.5,0.00227204
2847,0.5,0.5438683
2848,0.5,0.0065607675
2849,0.5,0.00018152538
2850,0.5,0.007948643
2851,0.5,0.035883624
2852,0.5,0.003888152
2853,0.5,0.0027773224
2854,0.5,0.10863536
2855,0.5,0.22816822
2856,0.5,0.95552933
2857,0.5,0.046781965
2858,0.5,0.9706113
2859,0.5,0.0070518954
2860,0.5,0.16986379
2861,0.5,0.8961361
2862,0.5,0.0011947687
2863,0.5,0.00037618558
2864,0.5,0.034456342
2865,0.5,0.025858134
2866,0.5,0.00063789333
2867,0.5,0.02736321
2868,0.5,0.37133402
2869,0.5,0.0026746667
2870,0.5,0.006531822
2871,0.5,0.015084865
2872,0.5,0.02708616
2873,0.5,0.0011880306
2874,0.5,0.004619435
2875,0.5,0.072336815
2876,0.5,0.0033035588
2877,0.5,0.99493533
2878,0.5,0.045629844
2879,0.5,0.009759335
2880,0.5,0.05236211
2881,0.5,0.37442395
2882,0.5,0.0010665343
2883,0.5,0.051495966
2884,0.5,0.96647346
2885,0.5,0.010142957
2886,0.5,0.0051159835
2887,0.5,0.0029808541
2888,0.5,0.08014884
2889,0.5,0.7734879
2890,0.5,0.0010140096
2891,0.5,0.05548077
2892,0.5,0.004867743
2893,0.5,0.54687274
2894,0.5,0.0051763477
2895,0.5,0.043241285
2896,0.5,0.0073987786
2897,0.5,0.8791304
2898,0.5,0.0049846107
2899,0.5,2.4275134e-05
2900,0.5,0.002336894
2901,0.5,0.02731744
2902,0.5,0.00041105557
2903,0.5,0.0059376005
2904,0.5,0.0074505163
2905,0.5,0.107234865
2906,0.5,0.009119642
2907,0.5,0.031224577
2908,0.5,0.34204015
2909,0.5,0.61582583
2910,0.5,0.25606453
2911,0.5,0.043184604
2912,0.5,0.0036985576
2913,0.5,0.0037361532
2914,0.5,0.01103255
2915,0.5,0.99741685
2916,0.5,0.038484566
2917,0.5,0.027942237
2918,0.5,0.00026389217
2919,0.5,0.0013281463
2920,0.5,0.41153833
2921,0.5,0.10187806
2922,0.5,0.007210123
2923,0.5,0.5408784
2924,0.5,0.9412128
2925,0.5,0.351094
2926,0.5,0.000767863
2927,0.5,0.0074552577
2928,0.5,0.3528549
2929,0.5,0.13954937
2930,0.5,0.074923515
2931,0.5,0.0008141851
2932,0.5,0.010804134
2933,0.5,0.41651207
2934,0.5,0.9062631
2935,0.5,0.0053071687
2936,0.5,0.0036421884
2937,0.5,0.038063943
2938,0.5,0.025780773
2939,0.5,0.0006140156
2940,0.5,0.00014556358
2941,0.5,0.00023657593
2942,0.5,0.9983961
2943,0.5,0.0016351085
2944,0.5,0.10584115
2945,0.5,0.077422746
2946,0.5,0.970867
2947,0.5,0.024577804
2948,0.5,0.0060677943
2949,0.5,0.006469194
2950,0.5,0.008423836
2951,0.5,0.0008733327
2952,0.5,0.0012489394
2953,0.5,0.9196926
2954,0.5,0.0026235525
2955,0.5,0.97056746
2956,0.5,0.029693734
2957,0.5,0.6473294
2958,0.5,0.023542637
2959,0.5,0.0070305853
2960,0.5,0.018987082
2961,0.5,0.005668612
2962,0.5,0.0034899686
2963,0.5,0.01471429
2964,0.5,0.00061154197
2965,0.5,0.8378127
2966,0.5,0.0059686177
2967,0.5,0.0017858928
2968,0.5,0.0034726022
2969,0.5,0.003721495
2970,0.5,0.024809215
2971,0.5,0.00021358329
2972,0.5,0.0038102923
2973,0.5,0.7475471
2974,0.5,0.13551494
2975,0.5,0.039688934
2976,0.5,0.9761061
2977,0.5,0.14862496
2978,0.5,0.0012850839
2979,0.5,0.666175
2980,0.5,0.058716424
2981,0.5,0.034360446
2982,0.5,0.004114712
2983,0.5,0.28476676
2984,0.5,0.7276766
2985,0.5,0.9749909
2986,0.5,0.0018492462
2987,0.5,0.06540178
2988,0.5,0.0026751603
2989,0.5,0.02154852
2990,0.5,0.10544912
2991,0.5,0.09515277
2992,0.5,0.021164171
2993,0.5,0.02049769
2994,0.5,0.20893312
2995,0.5,0.0056012142
2996,0.5,0.08604789
2997,0.5,0.8292686
2998,0.5,0.0010634662
2999,0.5,0.09504652
3000,0.5,0.5144947
3001,0.5,0.016147925
3002,0.5,0.0032044537
3003,0.5,0.00471817
3004,0.5,0.8673566
3005,0.5,0.5644985
3006,0.5,0.0006382713
3007,0.5,0.015143289
3008,0.5,0.062619574
3009,0.5,0.7851369
3010,0.5,0.004907857
3011,0.5,0.017306257
3012,0.5,0.0019172509
3013,0.5,0.009780088
3014,0.5,0.89780444
3015,0.5,0.0032573259
3016,0.5,0.3265298
3017,0.5,0.021834636
3018,0.5,0.0011938887
3019,0.5,0.0042979755
3020,0.5,0.2671821
3021,0.5,0.12178736
3022,0.5,0.012634398
3023,0.5,0.9761193
3024,0.5,0.017802605
3025,0.5,0.007761532
3026,0.5,0.0012139828
3027,0.5,0.8330564
3028,0.5,0.001256521
3029,0.5,0.3792742
3030,0.5,0.004045498
3031,0.5,0.7880761
3032,0.5,0.07178841
3033,0.5,0.017997306
3034,0.5,0.98201627
3035,0.5,0.11209751
3036,0.5,0.8865475
3037,0.5,0.124274895
3038,0.5,0.013790311
3039,0.5,0.9573004
3040,0.5,0.64204264
3041,0.5,0.03462264
3042,0.5,0.002864274
3043,0.5,0.92082965
3044,0.5,0.70517355
3045,0.5,0.0009522067
3046,0.5,0.9786236
3047,0.5,0.9014668
3048,0.5,0.00023809748
3049,0.5,0.018730171
3050,0.5,0.011459713
3051,0.5,0.002860092
3052,0.5,0.088682696
3053,0.5,0.021770984
3054,0.5,0.0110660065
3055,0.5,0.7831721
3056,0.5,0.0043333247
3057,0.5,0.008533116
3058,0.5,0.0017990934
3059,0.5,0.08666937
3060,0.5,0.03723324
3061,0.5,0.00694793
3062,0.5,0.02892292
3063,0.5,0.016981823
3064,0.5,0.0013488786
3065,0.5,0.024527537
3066,0.5,0.10827824
3067,0.5,0.9435914
3068,0.5,0.0053047524
3069,0.5,0.0283847
3070,0.5,0.09880666
3071,0.5,0.09682878
3072,0.5,0.0067276685
3073,0.5,0.54317105
3074,0.5,0.0034803518
3075,0.5,0.000802693
3076,0.5,0.11825733
3077,0.5,0.1441808
3078,0.5,0.109415844
3079,0.5,0.074907914
3080,0.5,0.0007812299
3081,0.5,0.0044688275
3082,0.5,0.003745773
3083,0.5,0.95728105
3084,0.5,0.61884403
3085,0.5,0.010669968
3086,0.5,0.018713254
3087,0.5,0.87534785
3088,0.5,0.2772848
3089,0.5,0.0055770604
3090,0.5,0.012465334
3091,0.5,0.9321763
3092,0.5,0.011918244
3093,0.5,0.022077866
3094,0.5,0.0015555576
3095,0.5,0.66183954
3096,0.5,0.67991096
3097,0.5,0.65284866
3098,0.5,0.8092038
3099,0.5,0.0023426719
3100,0.5,0.25106606
3101,0.5,0.18797089
3102,0.5,0.34915602
3103,0.5,0.005572469
3104,0.5,0.274741
3105,0.5,0.0012309157
3106,0.5,0.0006545029
3107,0.5,0.004210361
3108,0.5,0.8942488
3109,0.5,0.41434786
3110,0.5,0.0169821
3111,0.5,0.99293727
3112,0.5,0.0017308366
3113,0.5,0.003586345
3114,0.5,0.12009287
3115,0.5,0.06496536
3116,0.5,0.10336358
3117,0.5,0.010406536
3118,0.5,0.015423298
3119,0.5,0.00031284272
3120,0.5,0.003507468
3121,0.5,0.0052082413
3122,0.5,0.4048288
3123,0.5,0.0116339745
3124,0.5,0.0067013837
3125,0.5,0.9949627
3126,0.5,0.26156044
3127,0.5,0.0045988597
3128,0.5,0.6967971
3129,0.5,0.02822875
3130,0.5,0.9694057
3131,0.5,0.0010903717
3132,0.5,0.11058467
3133,0.5,0.026098037
3134,0.5,0.02686531
3135,0.5,0.0056378385
3136,0.5,0.0010358997
3137,0.5,0.0042245868
3138,0.5,0.0043396307
3139,0.5,0.04631637
3140,0.5,0.0040238197
3141,0.5,0.014393912
3142,0.5,0.004982577
3143,0.5,0.014967361
3144,0.5,0.0006210196
3145,0.5,0.0012625025
3146,0.5,0.0030857453
3147,0.5,0.99382126
3148,0.5,0.1172277
3149,0.5,0.0049589355
3150,0.5,0.09883197
3151,0.5,9.595938e-05
3152,0.5,0.004000373
3153,0.5,0.036306296
3154,0.5,0.98421174
3155,0.5,0.012484907
3156,0.5,0.050266534
3157,0.5,0.9624167
3158,0.5,0.006823742
3159,0.5,0.939873
3160,0.5,0.010956823
3161,0.5,0.038311422
3162,0.5,0.05532544
3163,0.5,0.006508659
3164,0.5,0.075319976
3165,0.5,0.008328028
3166,0.5,0.113268316
3167,0.5,0.00011754525
3168,0.5,0.13955906
3169,0.5,0.21508768
3170,0.5,0.63340706
3171,0.5,0.12614816
3172,0.5,0.05531075
3173,0.5,0.014752776
3174,0.5,0.0051629897
3175,0.5,0.08615677
3176,0.5,0.0074757887
3177,0.5,0.465793
3178,0.5,0.0815787
3179,0.5,0.08158214
3180,0.5,0.9865942
3181,0.5,0.03400432
3182,0.5,0.053571038
3183,0.5,0.003211121
3184,0.5,0.0006486276
3185,0.5,0.021487575
3186,0.5,0.00834713
3187,0.5,0.039954606
3188,0.5,0.15966126
3189,0.5,0.0012494279
3190,0.5,0.9892832
3191,0.5,0.011416606
3192,0.5,0.0015382101
3193,0.5,0.42817265
3194,0.5,0.31179526
3195,0.5,0.0042680213
3196,0.5,0.011453589
3197,0.5,0.01762748
3198,0.5,0.04147761
3199,0.5,0.017945021
3200,0.5,0.3157384
3201,0.5,0.0017391201
3202,0.5,0.027898893
3203,0.5,0.031530134
3204,0.5,0.6868145
3205,0.5,0.0034134374
3206,0.5,0.03902763
3207,0.5,0.39254797
3208,0.5,0.11847727
3209,0.5,0.00036656737
3210,0.5,0.1670355
3211,0.5,0.86923087
3212,0.5,0.6863604
3213,0.5,0.022063958
3214,0.5,0.0012923079
3215,0.5,0.0064974762
3216,0.5,0.01614404
3217,0.5,0.64050186
3218,0.5,0.0007970641
3219,0.5,0.99287087
3220,0.5,0.02927241
3221,0.5,0.012848722
3222,0.5,0.002360196
3223,0.5,0.00558612
3224,0.5,0.02543054
3225,0.5,0.0018860974
3226,0.5,0.07020437
3227,0.5,0.0007991167
3228,0.5,0.19248928
3229,0.5,0.004309811
3230,0.5,0.5416413
3231,0.5,0.5266401
3232,0.5,0.029192707
3233,0.5,0.005192023
3234,0.5,0.021301895
3235,0.5,0.2843244
3236,0.5,0.13406788
3237,0.5,0.50298536
3238,0.5,0.0028044428
3239,0.5,0.0010826188
3240,0.5,0.05119528
3241,0.5,0.6492862
3242,0.5,0.0065214024
3243,0.5,0.97569513
3244,0.5,0.70777005
3245,0.5,0.056781154
3246,0.5,0.0008370313
3247,0.5,0.39879075
3248,0.5,0.0056856964
3249,0.5,0.11750446
3250,0.5,0.0035383098
3251,0.5,0.9062222
3252,0.5,0.002887738
3253,0.5,0.077317856
3254,0.5,0.0021804422
3255,0.5,0.78934914
3256,0.5,0.96420646
3257,0.5,0.60075754
3258,0.5,0.0047678156
3259,0.5,0.0057789097
3260,0.5,0.015057083
3261,0.5,0.0013585971
3262,0.5,0.00056758453
3263,0.5,0.9969669
3264,0.5,0.8884462
3265,0.5,0.011674041
3266,0.5,0.0005091376
3267,0.5,0.0052464167
3268,0.5,0.09427313
3269,0.5,0.033544146
3270,0.5,0.99545336
3271,0.5,0.19632031
3272,0.5,0.35644966
3273,0.5,0.87556136
3274,0.5,0.90770876
3275,0.5,0.0033372259
3276,0.5,0.3873958
3277,0.5,0.020124096
3278,0.5,0.011403009
3279,0.5,0.026853077
3280,0.5,0.0019937607
3281,0.5,0.83508325
3282,0.5,0.00058071903
3283,0.5,0.7478062
3284,0.5,0.08547228
3285,0.5,0.01396421
3286,0.5,0.20275036
3287,0.5,0.11348832
3288,0.5,0.006018459
3289,0.5,0.06542817
3290,0.5,0.2533456
3291,0.5,0.016281173
3292,0.5,0.013287665
3293,0.5,0.8419428
3294,0.5,0.19259557
3295,0.5,0.13849245
3296,0.5,0.82028306
3297,0.5,0.13372299
3298,0.5,0.21147454
3299,0.5,0.004124799
3300,0.5,0.0019467868
3301,0.5,0.008619642
3302,0.5,0.005408295
3303,0.5,0.7030563
3304,0.5,0.029975927
3305,0.5,0.059636686
3306,0.5,0.19158037
3307,0.5,0.16156474
3308,0.5,0.0007707958
3309,0.5,0.11801091
3310,0.5,0.2526295
3311,0.5,0.0027423603
3312,0.5,0.01047584
3313,0.5,0.0028945876
3314,0.5,0.82500875
3315,0.5,0.018940693
3316,0.5,0.13145787
3317,0.5,0.001814121
3318,0.5,0.005550738
3319,0.5,0.0045503387
3320,0.5,0.0005536289
3321,0.5,0.0043229903
3322,0.5,0.41989395
3323,0.5,0.06292393
3324,0.5,0.002479756
3325,0.5,0.012533314
3326,0.5,0.105441876
3327,0.5,0.0006175593
3328,0.5,0.32955384
3329,0.5,0.86141604
3330,0.5,0.0013165433
3331,0.5,0.00080693053
3332,0.5,0.00091152225
3333,0.5,0.785021
3334,0.5,0.01889592
3335,0.5,0.022155078
3336,0.5,0.3107481
3337,0.5,0.00566768
3338,0.5,0.3065912
3339,0.5,0.09000389
3340,0.5,0.010733608
3341,0.5,0.14825852
3342,0.5,0.9722917
3343,0.5,0.0022989921
3344,0.5,0.9905998
3345,0.5,0.010786689
3346,0.5,0.0025340505
3347,0.5,0.0016270246
3348,0.5,0.048536547
3349,0.5,0.006823838
3350,0.5,0.4612927
3351,0.5,0.01739744
3352,0.5,0.09029196
3353,0.5,0.0018550573
3354,0.5,0.031287447
3355,0.5,0.17293505
3356,0.5,0.13442472
3357,0.5,0.6708341
3358,0.5,0.0022265203
3359,0.5,0.008738785
3360,0.5,0.0026134579
3361,0.5,0.0027814356
3362,0.5,0.9913195
3363,0.5,0.676851
3364,0.5,0.022076832
3365,0.5,0.5721852
3366,0.5,0.7001954
3367,0.5,0.51785177
3368,0.5,0.035830986
3369,0.5,0.008767295
3370,0.5,0.21143727
3371,0.5,0.0016629479
3372,0.5,0.02046418
3373,0.5,0.0027425431
3374,0.5,0.9412702
3375,0.5,0.07263584
3376,0.5,0.008682603
3377,0.5,0.08216468
3378,0.5,0.006508048
3379,0.5,0.0029103388
3380,0.5,0.5182376
3381,0.5,0.005229196
3382,0.5,0.18828663
3383,0.5,0.00034504934
3384,0.5,0.13265428
3385,0.5,0.0025287792
3386,0.5,0.05525804
3387,0.5,0.95737773
3388,0.5,0.0016398754
3389,0.5,0.014893681
3390,0.5,0.777173
3391,0.5,0.068607375
3392,0.5,0.003427517
3393,0.5,0.00052951
3394,0.5,0.025703799
3395,0.5,0.00019272724
3396,0.5,0.076983094
3397,0.5,0.19315955
3398,0.5,0.008503046
3399,0.5,0.029607343
3400,0.5,0.6325779
3401,0.5,0.96120125
3402,0.5,0.0077508306
3403,0.5,0.001497011
3404,0.5,0.0014111579
3405,0.5,0.005001297
3406,0.5,0.016652972
3407,0.5,0.030450564
3408,0.5,0.017771773
3409,0.5,0.06743663
3410,0.5,0.00272377
3411,0.5,0.032635365
3412,0.5,0.39105767
3413,0.5,0.004467169
3414,0.5,0.033640467
3415,0.5,0.13474533
3416,0.5,0.03843898
3417,0.5,0.8896287
3418,0.5,0.0011697587
3419,0.5,0.0011348347
3420,0.5,0.006240535
3421,0.5,0.0760644
3422,0.5,0.19403845
3423,0.5,0.035716474
3424,0.5,0.44946617
3425,0.5,0.025795395
3426,0.5,0.005563294
3427,0.5,0.14663233
3428,0.5,0.031171193
3429,0.5,0.0043588793
3430,0.5,0.00060284976
3431,0.5,0.70935917
3432,0.5,0.0005551026
3433,0.5,0.002472349
3434,0.5,0.00057554245
3435,0.5,0.6746763
3436,0.5,0.091194525
3437,0.5,0.008919347
3438,0.5,0.9497572
3439,0.5,0.0014209956
3440,0.5,0.8480834
3441,0.5,0.029762061
3442,0.5,0.36125633
3443,0.5,0.019391773
3444,0.5,4.413718e-05
3445,0.5,0.24567296
3446,0.5,0.0017288522
3447,0.5,0.47183803
3448,0.5,0.8531168
3449,0.5,0.017863523
3450,0.5,0.0018692218
3451,0.5,0.0012358092
3452,0.5,0.016181564
3453,0.5,0.3349145
3454,0.5,0.00076968933
3455,0.5,0.002297844
3456,0.5,0.020154865
3457,0.5,0.0021437102
3458,0.5,0.34377766
3459,0.5,0.3533724
3460,0.5,0.0029914817
3461,0.5,0.014509565
3462,0.5,0.44461754
3463,0.5,0.0032874
3464,0.5,0.094820805
3465,0.5,0.0024805793
3466,0.5,0.0019778428
3467,0.5,0.001116864
3468,0.5,0.0004813803
3469,0.5,0.0033417363
3470,0.5,0.022831645
3471,0.5,0.0067270785
3472,0.5,0.07815239
3473,0.5,0.004212869
3474,0.5,0.6907117
3475,0.5,0.0006822798
3476,0.5,0.033314418
3477,0.5,0.0048320554
3478,0.5,0.008218053
3479,0.5,0.0501377
3480,0.5,0.011652972
3481,0.5,0.025425732
3482,0.5,0.3324329
3483,0.5,0.0017882804
3484,0.5,0.0004479694
3485,0.5,0.0013353238
3486,0.5,0.32747936
3487,0.5,0.9165849
3488,0.5,0.0008677924
3489,0.5,0.017662507
3490,0.5,0.22208825
3491,0.5,0.6010249
3492,0.5,0.030119875
3493,0.5,0.015635075
3494,0.5,0.00035409204
3495,0.5,0.007157406
3496,0.5,0.06215705
3497,0.5,0.0024193504
3498,0.5,0.9499268
3499,0.5,0.038587134
3500,0.5,0.53301805
3501,0.5,0.05795119
3502,0.5,0.001547903
3503,0.5,0.059732605
3504,0.5,0.05724655
3505,0.5,0.099367216
3506,0.5,0.0017338234
3507,0.5,0.2103076
3508,0.5,0.0041471436
3509,0.5,0.015596878
3510,0.5,0.030313017
3511,0.5,0.22531557
3512,0.5,0.007373597
3513,0.5,0.86145586
3514,0.5,0.04419018
3515,0.5,0.01379587
3516,0.5,0.010838194
3517,0.5,0.00084157666
3518,0.5,0.15341403
3519,0.5,0.00046939356
3520,0.5,0.6874213
3521,0.5,0.0004913803
3522,0.5,0.051408872
3523,0.5,0.02930451
3524,0.5,0.1583096
3525,0.5,0.90316147
3526,0.5,0.0038884087
3527,0.5,0.014422819
3528,0.5,0.0006554002
3529,0.5,0.14287202
3530,0.5,0.9980032
3531,0.5,0.0037398841
3532,0.5,0.84418005
3533,0.5,0.0052706306
3534,0.5,0.57537466
3535,0.5,0.0027202957
3536,0.5,0.00080880045
3537,0.5,0.00053575577
3538,0.5,0.88606215
3539,0.5,0.019960688
3540,0.5,0.97995377
3541,0.5,0.015765032
3542,0.5,0.019101446
3543,0.5,0.0136728445
3544,0.5,0.02367769
3545,0.5,0.09742012
3546,0.5,0.0011870939
3547,0.5,0.03344897
3548,0.5,0.0036122033
3549,0.5,0.00083815306
3550,0.5,0.40313318
3551,0.5,0.044363912
3552,0.5,0.29859507
3553,0.5,0.040616415
3554,0.5,0.013023689
3555,0.5,0.0012475235
3556,0.5,0.075061314
3557,0.5,0.0020441767
3558,0.5,0.014004442
3559,0.5,0.82111216
3560,0.5,0.0025123607
3561,0.5,0.0768028
3562,0.5,0.000704363
3563,0.5,0.007177555
3564,0.5,0.020745013
3565,0.5,0.054237567
3566,0.5,0.0067492938
3567,0.5,0.0569323
3568,0.5,0.9529548
3569,0.5,0.06971276
3570,0.5,0.008459226
3571,0.5,0.6706868
3572,0.5,0.38815624
3573,0.5,0.0014273212
3574,0.5,0.9850454
3575,0.5,0.03330873
3576,0.5,0.052771136
3577,0.5,0.001187591
3578,0.5,0.006852284
3579,0.5,0.8370679
3580,0.5,0.00050947885
3581,0.5,0.0014752419
3582,0.5,0.0051781503
3583,0.5,0.0027395424
3584,0.5,0.30060264
3585,0.5,0.0037599066
3586,0.5,0.052779064
3587,0.5,0.009511527
3588,0.5,0.002959868
3589,0.5,0.00011636588
3590,0.5,0.0013579968
3591,0.5,0.010166341
3592,0.5,0.36507642
3593,0.5,0.006694078
3594,0.5,0.94585073
3595,0.5,0.8286785
3596,0.5,0.00065438316
3597,0.5,0.002126276
3598,0.5,0.00017606576
3599,0.5,0.030440765
3600,0.5,0.032289196
3601,0.5,0.12528743
3602,0.5,0.004145354
3603,0.5,0.0008403759
3604,0.5,0.9345562
3605,0.5,0.0007533543
3606,0.5,0.9579284
3607,0.5,0.0062819314
3608,0.5,0.009005769
3609,0.5,0.48220867
3610,0.5,0.032248285
3611,0.5,0.31254628
3612,0.5,0.009921638
3613,0.5,0.85236293
3614,0.5,0.009368308
3615,0.5,0.0699228
3616,0.5,0.001868134
3617,0.5,0.0064225625
3618,0.5,0.00054829026
3619,0.5,0.018172601
3620,0.5,0.036021955
3621,0.5,0.002256827
3622,0.5,0.013272839
3623,0.5,0.017779658
3624,0.5,0.010754204
3625,0.5,0.04039634
3626,0.5,0.030045627
3627,0.5,0.0024802291
3628,0.5,0.008348619
3629,0.5,0.7820007
3630,0.5,0.001433038
3631,0.5,0.00041956367
3632,0.5,0.8893719
3633,0.5,0.92147064
3634,0.5,0.0057759075
3635,0.5,0.01842253
3636,0.5,0.9713041
3637,0.5,0.44653812
3638,0.5,0.010497934
3639,0.5,0.0065298886
3640,0.5,0.022667075
3641,0.5,0.9061549
3642,0.5,0.002269976
3643,0.5,0.020297274
3644,0.5,0.01762245
3645,0.5,0.043860044
3646,0.5,0.21582907
3647,0.5,0.24337617
3648,0.5,0.9492334
3649,0.5,0.013118111
3650,0.5,0.10909478
3651,0.5,0.009211916
3652,0.5,0.9496226
3653,0.5,0.022366965
3654,0.5,0.0152377635
3655,0.5,0.0026325416
3656,0.5,0.4343544
3657,0.5,0.0102318805
3658,0.5,0.007422437
3659,0.5,0.010784537
3660,0.5,0.0019290377
3661,0.5,0.0027824156
3662,0.5,0.8802638
3663,0.5,0.0068197874
3664,0.5,0.07337733
3665,0.5,0.95998335
3666,0.5,0.10266636
3667,0.5,0.02101981
3668,0.5,0.0022536607
3669,0.5,0.01864525
3670,0.5,0.66796684
3671,0.5,0.0017830882
3672,0.5,0.039292164
3673,0.5,0.00083982473
3674,0.5,0.9986694
3675,0.5,0.034226164
3676,0.5,0.97577536
3677,0.5,0.007793387
3678,0.5,0.0019229476
3679,0.5,0.002548064
3680,0.5,0.88042194
3681,0.5,0.8377919
3682,0.5,0.0072673587
3683,0.5,0.46108186
3684,0.5,0.79479814
3685,0.5,0.4900094
3686,0.5,0.0006350166
3687,0.5,0.9408145
3688,0.5,0.0405666
3689,0.5,0.7583202
3690,0.5,0.49828264
3691,0.5,0.017687436
3692,0.5,0.007320844
3693,0.5,0.43095663
3694,0.5,0.0072561284
3695,0.5,0.0063329474
3696,0.5,0.028861035
3697,0.5,0.18161863
3698,0.5,0.04188604
3699,0.5,0.7165376
3700,0.5,0.001542565
3701,0.5,0.028368095
3702,0.5,0.87792146
3703,0.5,0.0029322433
3704,0.5,0.087161645
3705,0.5,0.0020464463
3706,0.5,0.02561151
3707,0.5,0.5696115
3708,0.5,0.19880901
3709,0.5,0.0013973801
3710,0.5,0.7778698
3711,0.5,0.4986582
3712,0.5,0.26950458
3713,0.5,0.0019839506
3714,0.5,0.16831052
3715,0.5,0.9280728
3716,0.5,0.013226363
3717,0.5,0.002208373
3718,0.5,0.716717
3719,0.5,0.18482378
3720,0.5,0.59155375
3721,0.5,0.026070243
3722,0.5,0.0042104367
3723,0.5,0.0015907004
3724,0.5,0.0021252837
3725,0.5,0.6279839
3726,0.5,0.081443116
3727,0.5,0.047793355
3728,0.5,0.06531602
3729,0.5,0.00936972
3730,0.5,0.9997466
3731,0.5,0.123533495
3732,0.5,0.031805854
3733,0.5,0.036792237
3734,0.5,0.046158068
3735,0.5,0.60018396
3736,0.5,0.018513048
3737,0.5,0.1784128
3738,0.5,0.0077852756
3739,0.5,0.00057474594
3740,0.5,0.0022400825
3741,0.5,0.21915555
3742,0.5,0.0012857413
3743,0.5,0.06823677
3744,0.5,0.036855865
3745,0.5,0.046324387
3746,0.5,0.48009375
3747,0.5,0.0017316121
3748,0.5,0.00600698
3749,0.5,0.52877975
3750,0.5,0.20203848
3751,0.5,0.0045763683
3752,0.5,0.04323651
3753,0.5,0.27015534
3754,0.5,0.17393976
3755,0.5,0.0004936339
3756,0.5,0.0070134425
3757,0.5,0.005185672
3758,0.5,0.0311571
3759,0.5,0.0055498616
3760,0.5,0.6885566
3761,0.5,0.0008336087
3762,0.5,0.7780362
3763,0.5,0.862204
3764,0.5,0.0580495
3765,0.5,0.011238174
3766,0.5,0.003082697
3767,0.5,0.10371747
3768,0.5,0.0044864207
3769,0.5,0.8241648
3770,0.5,0.031141983
3771,0.5,0.013868055
3772,0.5,0.11852133
3773,0.5,0.99748343
3774,0.5,0.026631208
3775,0.5,0.092572875
3776,0.5,0.02987252
3777,0.5,0.029591413
3778,0.5,0.5384408
3779,0.5,0.058800656
3780,0.5,0.0024813619
3781,0.5,0.0011318469
3782,0.5,0.2958472
3783,0.5,0.01163255
3784,0.5,0.14653689
3785,0.5,0.09585604
3786,0.5,0.0071641216
3787,0.5,0.92619294
3788,0.5,0.004156745
3789,0.5,0.0042533507
3790,0.5,0.024546904
3791,0.5,0.01304198
3792,0.5,0.002018283
3793,0.5,0.029691542
3794,0.5,0.0030999682
3795,0.5,0.013212939
3796,0.5,0.08143384
3797,0.5,0.7541947
3798,0.5,0.0040704627
3799,0.5,0.00095142913
3800,0.5,0.99405414
3801,0.5,0.14599061
3802,0.5,0.012667418
3803,0.5,0.03996751
3804,0.5,0.06564622
3805,0.5,0.0075565977
3806,0.5,0.573508
3807,0.5,0.9985359
3808,0.5,0.005105335
3809,0.5,0.9597361
3810,0.5,0.9993586
3811,0.5,0.0012927756
3812,0.5,0.13296528
3813,0.5,0.007008891
3814,0.5,0.0010217709
3815,0.5,0.012872471
3816,0.5,0.001632318
3817,0.5,0.27973017
3818,0.5,0.02657606
3819,0.5,0.039713677
3820,0.5,0.006452017
3821,0.5,0.007216348
3822,0.5,0.16491508
3823,0.5,0.34842566
3824,0.5,0.0019499655
3825,0.5,0.0048192865
3826,0.5,0.041011035
3827,0.5,0.03573683
3828,0.5,0.00038977756
3829,0.5,0.023588782
3830,0.5,0.63093054
3831,0.5,0.0021057995
3832,0.5,0.0037600175
3833,0.5,0.15629718
3834,0.5,0.019926991
3835,0.5,0.4414523
3836,0.5,0.19108218
3837,0.5,0.001388237
3838,0.5,0.012840614
3839,0.5,0.011435894
3840,0.5,0.5656614
3841,0.5,0.0062451586
3842,0.5,0.04076191
3843,0.5,0.012314913
3844,0.5,0.005372413
3845,0.5,0.002253335
3846,0.5,0.080530815
3847,0.5,0.03753471
3848,0.5,0.007481356
3849,0.5,0.0018519898
3850,0.5,0.004275611
3851,0.5,0.04122471
3852,0.5,0.018691486
3853,0.5,0.16820699
3854,0.5,0.73339987
3855,0.5,0.25786617
3856,0.5,0.003333358
3857,0.5,0.010869437
3858,0.5,0.020032195
3859,0.5,0.10406148
3860,0.5,0.0158512
3861,0.5,0.012567706
3862,0.5,0.05920305
3863,0.5,0.89604896
3864,0.5,0.0013718669
3865,0.5,0.05580245
3866,0.5,0.18331955
3867,0.5,0.020638855
3868,0.5,0.0015449264
3869,0.5,0.021329962
3870,0.5,0.008420893
3871,0.5,0.05953869
3872,0.5,0.00055948744
3873,0.5,0.0008078831
3874,0.5,0.003909463
3875,0.5,0.04051173
3876,0.5,0.005121209
3877,0.5,0.022984613
3878,0.5,0.074322976
3879,0.5,0.007792233
3880,0.5,0.00522999
3881,0.5,0.32368985
3882,0.5,0.9104048
3883,0.5,0.870076
3884,0.5,0.74628615
3885,0.5,0.0013308065
3886,0.5,0.28973898
3887,0.5,0.0040125526
3888,0.5,0.0015914532
3889,0.5,0.27522546
3890,0.5,0.32592282
3891,0.5,0.081639946
3892,0.5,0.7255352
3893,0.5,0.00071876094
3894,0.5,0.69840527
3895,0.5,0.020448415
3896,0.5,0.005374875
3897,0.5,0.010008339
3898,0.5,0.005749382
3899,0.5,0.09502874
3900,0.5,0.0069145923
3901,0.5,0.046709806
3902,0.5,0.030014252
3903,0.5,0.95584637
3904,0.5,0.0031605614
3905,0.5,0.11319334
3906,0.5,0.9556911
3907,0.5,0.0010278779
3908,0.5,0.1620955
3909,0.5,0.00048544817
3910,0.5,0.0055676564
3911,0.5,0.060817335
3912,0.5,0.0042365673
3913,0.5,0.00677963
3914,0.5,0.041190237
3915,0.5,0.028587475
3916,0.5,0.00075904245
3917,0.5,0.072147265
3918,0.5,0.009050431
3919,0.5,0.014434619
3920,0.5,0.0061123064
3921,0.5,0.44875628
3922,0.5,0.7941732
3923,0.5,0.018520413
3924,0.5,0.009569527
3925,0.5,0.1959738
3926,0.5,0.00091139245
3927,0.5,0.95219237
3928,0.5,0.00064393965
3929,0.5,0.10371495
3930,0.5,0.99566466
3931,0.5,0.27196887
3932,0.5,0.34902638
3933,0.5,0.9781026
3934,0.5,0.011212564
3935,0.5,0.0032290064
3936,0.5,0.8623621
3937,0.5,0.00040279477
3938,0.5,0.09309164
3939,0.5,0.0015243763
3940,0.5,0.0023027828
3941,0.5,0.018181676
3942,0.5,0.07038851
3943,0.5,0.9932836
3944,0.5,0.04468825
3945,0.5,0.617337
3946,0.5,0.20136121
3947,0.5,0.035947405
3948,0.5,0.017342007
3949,0.5,0.49987367
3950,0.5,0.003151971
3951,0.5,0.0033700701
3952,0.5,0.015024673
3953,0.5,0.95092
3954,0.5,0.0004200159
3955,0.5,0.000661572
3956,0.5,0.5820738
3957,0.5,0.0071568605
3958,0.5,0.005630385
3959,0.5,0.19377382
3960,0.5,0.4304704
3961,0.5,0.020900667
3962,0.5,0.0036381085
3963,0.5,0.017741509
3964,0.5,0.0022910535
3965,0.5,0.0067504067
3966,0.5,0.005011221
3967,0.5,0.0005586109
3968,0.5,0.007447745
3969,0.5,0.027743999
3970,0.5,0.037659116
3971,0.5,0.009547326
3972,0.5,0.003769412
3973,0.5,0.015916195
3974,0.5,0.009604194
3975,0.5,0.1563931
3976,0.5,0.03942204
3977,0.5,0.24848497
3978,0.5,0.2206655
3979,0.5,0.007915282
3980,0.5,0.008538831
3981,0.5,0.00405512
3982,0.5,0.21833344
3983,0.5,0.000576077
3984,0.5,0.17992732
3985,0.5,0.13207765
3986,0.5,0.14063422
3987,0.5,0.40994
3988,0.5,0.10777854
3989,0.5,0.010655677
3990,0.5,0.007910378
3991,0.5,0.72032934
3992,0.5,0.007006455
3993,0.5,0.001346518
3994,0.5,0.9884216
3995,0.5,0.9953146
3996,0.5,0.01617903
3997,0.5,0.0008674105
3998,0.5,0.12142193
3999,0.5,0.010609389
4000,0.5,0.0054763155
4001,0.5,0.0017361143
4002,0.5,0.9417803
4003,0.5,0.0017842725
4004,0.5,0.014771051
4005,0.5,0.04328997
4006,0.5,0.9255947
4007,0.5,0.023152808
4008,0.5,0.007603084
4009,0.5,0.0034974574
4010,0.5,0.43240345
4011,0.5,0.43886346
4012,0.5,0.04512131
4013,0.5,0.0005293849
4014,0.5,0.00490802
4015,0.5,0.00061306974
4016,0.5,0.01239713
4017,0.5,0.27447808
4018,0.5,0.7821232
4019,0.5,0.0004661646
4020,0.5,0.0009320555
4021,0.5,0.0011480778
4022,0.5,0.09364281
4023,0.5,0.021520462
4024,0.5,0.0048031495
4025,0.5,0.97770613
4026,0.5,0.0075111785
4027,0.5,0.99744666
4028,0.5,0.13997029
4029,0.5,0.09162724
4030,0.5,0.00028717262
4031,0.5,0.07358156
4032,0.5,0.9763826
4033,0.5,0.07379814
4034,0.5,0.00025266685
4035,0.5,0.38036343
4036,0.5,0.103120066
4037,0.5,0.03580859
4038,0.5,0.68329644
4039,0.5,0.1216299
4040,0.5,0.17776066
4041,0.5,0.091129996
4042,0.5,0.43275496
4043,0.5,0.7808922
4044,0.5,0.00013863864
4045,0.5,0.016533619
4046,0.5,0.7949516
4047,0.5,0.05014296
4048,0.5,0.0076181134
4049,0.5,0.016699558
4050,0.5,0.002798218
4051,0.5,0.9803403
4052,0.5,0.16377752
4053,0.5,0.0057216627
4054,0.5,0.033514135
4055,0.5,0.03507787
4056,0.5,0.09330879
4057,0.5,0.00022452553
4058,0.5,0.98034006
4059,0.5,0.5020584
4060,0.5,0.007944038
4061,0.5,0.15533099
4062,0.5,0.0071939137
4063,0.5,0.009688047
4064,0.5,0.0040443805
4065,0.5,0.8510251
4066,0.5,0.9879177
4067,0.5,0.012826261
4068,0.5,0.011373949
4069,0.5,0.013305308
4070,0.5,0.10549505
4071,0.5,0.042588387
4072,0.5,0.0028506226
4073,0.5,0.020424712
4074,0.5,0.01614822
4075,0.5,0.36198866
4076,0.5,0.0008021501
4077,0.5,0.4357866
4078,0.5,0.9628742
4079,0.5,0.054710552
4080,0.5,0.30642682
4081,0.5,0.00052039645
4082,0.5,0.00019637766
4083,0.5,0.0026552242
4084,0.5,0.27726722
4085,0.5,0.9934598
4086,0.5,0.014564651
4087,0.5,0.0055953506
4088,0.5,0.0044000796
4089,0.5,0.0075852415
4090,0.5,0.11915465
4091,0.5,0.0050997674
4092,0.5,0.05829434
4093,0.5,0.008118198
4094,0.5,0.5816177
4095,0.5,0.005393802
4096,0.5,0.23727213
4097,0.5,0.027360927
4098,0.5,0.015087947
4099,0.5,0.002441017
4100,0.5,0.018473467
4101,0.5,0.0031493593
4102,0.5,0.0018586958
4103,0.5,0.156725
4104,0.5,0.049081773
4105,0.5,0.0011447072
4106,0.5,0.010609354
4107,0.5,0.0024418067
4108,0.5,0.015975574
4109,0.5,0.0011079388
4110,0.5,0.0021640325
4111,0.5,0.89832103
4112,0.5,0.00021193425
4113,0.5,0.9602176
4114,0.5,0.30248198
4115,0.5,0.014781129
4116,0.5,0.98288614
4117,0.5,0.20246206
4118,0.5,0.9774868
4119,0.5,0.0031951396
4120,0.5,0.009767693
4121,0.5,0.008058294
4122,0.5,0.0137159
4123,0.5,0.0005603699
4124,0.5,0.0019330124
4125,0.5,0.00685318
4126,0.5,0.24774984
4127,0.5,0.6200107
4128,0.5,0.0065977084
4129,0.5,0.00031704054
4130,0.5,0.14380477
4131,0.5,0.37830955
4132,0.5,0.09597024
4133,0.5,0.22675791
4134,0.5,0.0731327
4135,0.5,0.0001604999
4136,0.5,0.0035933568
4137,0.5,0.005916563
4138,0.5,0.00065137434
4139,0.5,0.0029118543
4140,0.5,0.006918654
4141,0.5,0.072094806
4142,0.5,0.0054968265
4143,0.5,0.0015080617
4144,0.5,0.008101462
4145,0.5,0.0064371666
4146,0.5,0.10450802
4147,0.5,0.40630922
4148,0.5,0.019270966
4149,0.5,0.06700112
4150,0.5,0.070424154
4151,0.5,0.00039610575
4152,0.5,0.055563327
4153,0.5,0.02308501
4154,0.5,0.9873186
4155,0.5,0.56552637
4156,0.5,0.0060164914
4157,0.5,0.0067907358
4158,0.5,0.0023206717
4159,0.5,0.62503666
4160,0.5,0.004977013
4161,0.5,0.012910631
4162,0.5,0.0058080503
4163,0.5,0.049712017
4164,0.5,0.9986871
4165,0.5,0.010189154
4166,0.5,0.006544446
4167,0.5,0.0038793155
4168,0.5,0.3805313
4169,0.5,0.0032084316
4170,0.5,0.76368755
4171,0.5,0.008696544
4172,0.5,0.36018443
4173,0.5,0.0025635713
4174,0.5,0.017552149
4175,0.5,0.0007338683
4176,0.5,0.0012803723
4177,0.5,0.33308542
4178,0.5,0.014286418
4179,0.5,0.15766612
4180,0.5,0.0018321109
4181,0.5,0.0002251882
4182,0.5,0.3086716
4183,0.5,0.8934432
4184,0.5,0.12786521
4185,0.5,0.017213834
4186,0.5,0.8964889
4187,0.5,0.8825901
4188,0.5,0.0044063297
4189,0.5,0.013225317
4190,0.5,0.005708161
4191,0.5,0.8904655
4192,0.5,0.0013687655
4193,0.5,0.038617816
4194,0.5,0.032848727
4195,0.5,0.025871765
4196,0.5,0.0026469547
4197,0.5,0.003956948
4198,0.5,0.010260701
4199,0.5,0.004142243
4200,0.5,0.009555126
4201,0.5,0.025684569
4202,0.5,0.99853194
4203,0.5,0.011025996
4204,0.5,0.003412946
4205,0.5,0.008606454
4206,0.5,0.72541904
4207,0.5,0.7968264
4208,0.5,0.0046984525
4209,0.5,0.0021632502
4210,0.5,0.049278222
4211,0.5,0.00040120538
4212,0.5,0.00062828354
4213,0.5,0.010212109
4214,0.5,0.9838043
4215,0.5,0.038039308
4216,0.5,0.00088308123
4217,0.5,0.602074
4218,0.5,0.18041477
4219,0.5,0.0013535789
4220,0.5,0.0014603894
4221,0.5,0.025246345
4222,0.5,0.048021607
4223,0.5,0.006160546
4224,0.5,0.056553148
4225,0.5,0.015177597
4226,0.5,0.8489202
4227,0.5,0.1096014
4228,0.5,0.21992578
4229,0.5,0.091610074
4230,0.5,0.0014165329
4231,0.5,0.42104474
4232,0.5,8.6302156e-05
4233,0.5,0.015141355
4234,0.5,0.79819936
4235,0.5,0.049858216
4236,0.5,0.007961219
4237,0.5,0.05112837
4238,0.5,0.010231609
4239,0.5,0.9677099
4240,0.5,0.0029498672
4241,0.5,0.00087741687
4242,0.5,0.019505665
4243,0.5,0.68459886
4244,0.5,0.185911
4245,0.5,0.023199517
4246,0.5,0.2309155
4247,0.5,0.000837981
4248,0.5,0.013782519
4249,0.5,0.4906176
4250,0.5,0.0020330981
4251,0.5,0.0026250477
4252,0.5,0.019420618
4253,0.5,0.02495343
4254,0.5,0.0054222303
4255,0.5,0.0008597026
4256,0.5,0.0037749847
4257,0.5,0.013909637
4258,0.5,0.4252327
4259,0.5,0.00996324
4260,0.5,0.015530614
4261,0.5,0.799345
4262,0.5,0.022868099
4263,0.5,0.5676321
4264,0.5,0.01968601
4265,0.5,0.0008562094
4266,0.5,0.9943868
4267,0.5,0.080299996
4268,0.5,0.0052219955
4269,0.5,0.0050018337
4270,0.5,0.00013731037
4271,0.5,0.006940554
4272,0.5,0.40942103
4273,0.5,0.016813954
4274,0.5,0.9639982
4275,0.5,0.7472961
4276,0.5,0.4488966
4277,0.5,0.00048668362
4278,0.5,0.7255399
4279,0.5,0.0077555883
4280,0.5,0.0077699306
4281,0.5,0.0020908248
4282,0.5,0.03920032
4283,0.5,0.13429528
4284,0.5,0.04646381
4285,0.5,0.006320091
4286,0.5,0.07602904
4287,0.5,0.6506176
4288,0.5,0.91098017
4289,0.5,0.11682782
4290,0.5,0.006750793
4291,0.5,0.10252221
4292,0.5,0.9970059
4293,0.5,0.8780236
4294,0.5,0.02525797
4295,0.5,0.9185991
4296,0.5,0.39883673
4297,0.5,0.75828993
4298,0.5,0.023987692
4299,0.5,0.002649935
4300,0.5,0.07580194
4301,0.5,0.052331906
4302,0.5,0.0023209841
4303,0.5,0.079683796
4304,0.5,0.000746736
4305,0.5,0.86411667
4306,0.5,0.9987495
4307,0.5,0.0126173245
4308,0.5,0.06478742
4309,0.5,0.013853756
4310,0.5,0.0021418137
4311,0.5,0.0036158795
4312,0.5,0.83706635
4313,0.5,0.008497476
4314,0.5,0.009898676
4315,0.5,0.0025140415
4316,0.5,0.47286296
4317,0.5,0.415542
4318,0.5,0.0008566565
4319,0.5,0.0030837846
4320,0.5,0.0058721877
4321,0.5,0.00028618946
4322,0.5,0.3039621
4323,0.5,0.077813104
4324,0.5,0.0041312403
4325,0.5,0.007821441
4326,0.5,0.08707603
4327,0.5,0.26114142
4328,0.5,0.9463994
4329,0.5,0.022461744
4330,0.5,0.23326229
4331,0.5,0.0013310557
4332,0.5,0.014375672
4333,0.5,0.0027866685
4334,0.5,0.003545066
4335,0.5,0.09509634
4336,0.5,0.9805761
4337,0.5,0.07601382
4338,0.5,0.8712811
4339,0.5,0.016960971
4340,0.5,0.89851826
4341,0.5,0.00018947483
4342,0.5,0.021114329
4343,0.5,0.008126696
4344,0.5,0.031601157
4345,0.5,0.017317323
4346,0.5,0.0028244373
4347,0.5,0.9004811
4348,0.5,0.8680118
4349,0.5,0.08910694
4350,0.5,0.026991863
4351,0.5,0.27769023
4352,0.5,0.00017166646
4353,0.5,0.052557778
4354,0.5,0.15591362
4355,0.5,0.08459063
4356,0.5,0.6991102
4357,0.5,0.06319839
4358,0.5,0.00015568057
4359,0.5,0.31750384
4360,0.5,0.029201113
4361,0.5,0.013975415
4362,0.5,0.0043095513
4363,0.5,0.015188493
4364,0.5,0.9952165
4365,0.5,0.5074675
4366,0.5,0.0011489684
4367,0.5,0.89562696
4368,0.5,0.011427666
4369,0.5,0.8348569
4370,0.5,0.08801095
4371,0.5,0.036122914
4372,0.5,0.008282981
4373,0.5,0.7169923
4374,0.5,0.0058429986
4375,0.5,0.004199425
4376,0.5,0.036332224
4377,0.5,0.108502544
4378,0.5,0.61963177
4379,0.5,0.0059982147
4380,0.5,0.0062875035
4381,0.5,0.0031590043
4382,0.5,0.74425185
4383,0.5,0.034880776
4384,0.5,0.08158052
4385,0.5,0.9731856
4386,0.5,0.9774064
4387,0.5,0.0028316719
4388,0.5,0.032041453
4389,0.5,0.028250352
4390,0.5,0.0015739782
4391,0.5,0.037609033
4392,0.5,0.015665274
4393,0.5,0.08159649
4394,0.5,0.0050229537
4395,0.5,0.013318667
4396,0.5,0.45123604
4397,0.5,0.09688816
4398,0.5,0.0020391305
4399,0.5,0.95250547
4400,0.5,0.10570326
4401,0.5,0.0041898885
4402,0.5,0.013797882
4403,0.5,0.0070936773
4404,0.5,0.8940862
4405,0.5,0.9045687
4406,0.5,0.2549686
4407,0.5,0.013515742
4408,0.5,0.0066675288
4409,0.5,0.001647354
4410,0.5,0.4155706
4411,0.5,0.06318289
4412,0.5,0.009326277
4413,0.5,0.26213145
4414,0.5,0.11779167
4415,0.5,0.91863877
4416,0.5,0.04143468
4417,0.5,0.9794031
4418,0.5,0.00056371564
4419,0.5,0.00043517692
4420,0.5,0.8380414
4421,0.5,0.00431384
4422,0.5,0.001517898
4423,0.5,0.8722245
4424,0.5,0.010659499
4425,0.5,0.006747801
4426,0.5,0.013796675
4427,0.5,0.031975787
4428,0.5,0.017208567
4429,0.5,0.034700964
4430,0.5,0.26516876
4431,0.5,0.56709474
4432,0.5,0.20970811
4433,0.5,0.9825266
4434,0.5,0.9462222
4435,0.5,0.9918665
4436,0.5,0.0034976003
4437,0.5,0.09364155
4438,0.5,0.7484351
4439,0.5,0.0007707389
4440,0.5,0.9316837
4441,0.5,0.19596785
4442,0.5,0.008177646
4443,0.5,0.9947247
4444,0.5,0.90877634
4445,0.5,0.0037437838
4446,0.5,0.0029011914
4447,0.5,0.032428663
4448,0.5,0.00025725944
4449,0.5,0.046387773
4450,0.5,0.001472993
4451,0.5,0.9919801
4452,0.5,0.00028675646
4453,0.5,0.7342237
4454,0.5,0.0004758355
4455,0.5,0.019787706
4456,0.5,0.8071003
4457,0.5,0.0022493235
4458,0.5,0.3206705
4459,0.5,0.0050194943
4460,0.5,0.0006775593
4461,0.5,0.0030321851
4462,0.5,0.94220144
4463,0.5,0.05457078
4464,0.5,0.004776276
4465,0.5,0.025194196
4466,0.5,0.059411157
4467,0.5,0.0004341131
4468,0.5,0.9053749
4469,0.5,0.9847328
4470,0.5,0.030344013
4471,0.5,0.021882221
4472,0.5,0.7345884
4473,0.5,0.38782763
4474,0.5,0.10215241
4475,0.5,0.00047129297
4476,0.5,0.0016485073
4477,0.5,0.9839543
4478,0.5,0.043366935
4479,0.5,0.00037290173
4480,0.5,0.00933441
4481,0.5,0.047672413
4482,0.5,0.003838638
4483,0.5,0.0045545483
4484,0.5,0.0015085607
4485,0.5,0.009815771
4486,0.5,0.0017509317
4487,0.5,0.011982447
4488,0.5,0.99945813
4489,0.5,0.002053901
4490,0.5,0.9915946
4491,0.5,0.024538703
4492,0.5,0.00960399
4493,0.5,0.8730466
4494,0.5,0.0017396639
4495,0.5,0.0038471518
4496,0.5,0.012807317
4497,0.5,0.03688569
4498,0.5,0.13069722
4499,0.5,0.0134118525
4500,0.5,0.96081305
4501,0.5,0.032406278
4502,0.5,0.020954309
4503,0.5,0.85454017
4504,0.5,0.4985997
4505,0.5,0.02841776
4506,0.5,0.9776897
4507,0.5,0.9380668
4508,0.5,0.8708296
4509,0.5,0.7865252
4510,0.5,0.0031741338
4511,0.5,0.024331238
4512,0.5,0.9838399
4513,0.5,0.8823444
4514,0.5,0.0011178406
4515,0.5,0.023424182
4516,0.5,0.003635942
4517,0.5,0.069432214
4518,0.5,0.82367486
4519,0.5,0.0012663347
4520,0.5,0.4617909
4521,0.5,0.0037892445
4522,0.5,0.9340156
4523,0.5,0.0004833692
4524,0.5,0.004850784
4525,0.5,0.0024179528
4526,0.5,0.0047360947
4527,0.5,0.0020318464
4528,0.5,0.17336
4529,0.5,0.7927
4530,0.5,0.00039348876
4531,0.5,0.009281334
4532,0.5,0.03148319
4533,0.5,0.046087213
4534,0.5,0.073200345
4535,0.5,0.030609624
4536,0.5,0.0011178843
4537,0.5,0.15442033
4538,0.5,0.0013498656
4539,0.5,0.0002610407
4540,0.5,0.30274823
4541,0.5,0.05974528
4542,0.5,0.9816444
4543,0.5,0.022992495
4544,0.5,0.0030571772
4545,0.5,0.0007583578
4546,0.5,0.0048829536
4547,0.5,0.0013510565
4548,0.5,0.06527416
4549,0.5,0.0024198834
4550,0.5,0.20275058
4551,0.5,0.0040193023
4552,0.5,0.28059492
4553,0.5,0.028210474
4554,0.5,0.04064871
4555,0.5,0.0049244915
4556,0.5,0.85570246
4557,0.5,0.001262122
4558,0.5,0.07590837
4559,0.5,0.0023682984
4560,0.5,0.01868739
4561,0.5,0.043252036
4562,0.5,0.18266626
4563,0.5,0.00015593387
4564,0.5,0.0060514985
4565,0.5,0.77175105
4566,0.5,0.7984481
4567,0.5,0.0015779246
4568,0.5,0.08211074
4569,0.5,0.041201
4570,0.5,0.25301877
4571,0.5,0.033802245
4572,0.5,0.080808826
4573,0.5,0.8179657
4574,0.5,0.8858429
4575,0.5,0.00032884843
4576,0.5,0.6257292
4577,0.5,0.0024561593
4578,0.5,0.6641313
4579,0.5,0.07439226
4580,0.5,0.016443001
4581,0.5,0.0019251298
4582,0.5,0.016287062
4583,0.5,0.0023769282
4584,0.5,0.0025347543
4585,0.5,0.08331759
4586,0.5,0.0043922886
4587,0.5,0.02678418
4588,0.5,0.00093600363
4589,0.5,0.028399682
4590,0.5,0.016223475
4591,0.5,0.0023823981
4592,0.5,0.39882776
4593,0.5,0.23920521
4594,0.5,0.012890144
4595,0.5,0.02288744
4596,0.5,0.9380372
4597,0.5,0.0040464895
4598,0.5,0.012248479
4599,0.5,0.0012539589
4600,0.5,0.0014607649
4601,0.5,0.041444052
4602,0.5,0.9512011
4603,0.5,0.019347208
4604,0.5,0.87347806
4605,0.5,0.03828833
4606,0.5,0.010152043
4607,0.5,0.26117414
4608,0.5,0.007958904
4609,0.5,0.18066339
4610,0.5,0.001847207
4611,0.5,0.028051162
4612,0.5,0.7377541
4613,0.5,0.04743752
4614,0.5,0.08206636
4615,0.5,0.055886634
4616,0.5,0.0054510687
4617,0.5,0.17566133
4618,0.5,0.024177207
4619,0.5,0.0042635454
4620,0.5,0.00047526046
4621,0.5,0.0071573043
4622,0.5,0.9963027
4623,0.5,0.7207833
4624,0.5,0.00061067904
4625,0.5,0.16635785
4626,0.5,0.0015270837
4627,0.5,0.0010811301
4628,0.5,0.018156897
4629,0.5,0.98934525
4630,0.5,0.5634623
4631,0.5,0.061337966
4632,0.5,0.117366284
4633,0.5,0.0014105641
4634,0.5,0.002020871
4635,0.5,0.0022054603
4636,0.5,0.313492
4637,0.5,0.0016163037
4638,0.5,0.004947603
4639,0.5,0.48509175
4640,0.5,0.07210767
4641,0.5,0.007805328
4642,0.5,0.35297
4643,0.5,0.00032363512
4644,0.5,0.04040211
4645,0.5,0.115176216
4646,0.5,0.0017294299
4647,0.5,0.00038703703
4648,0.5,0.054756943
4649,0.5,0.004910636
4650,0.5,0.9030863
4651,0.5,0.0062906235
4652,0.5,0.47858483
4653,0.5,0.83153373
4654,0.5,0.97908974
4655,0.5,0.017924134
4656,0.5,0.9435233
4657,0.5,0.019541185
4658,0.5,0.0622322
4659,0.5,0.3395713
4660,0.5,0.06330816
4661,0.5,0.08115629
4662,0.5,0.72721696
4663,0.5,0.016385002
4664,0.5,0.055899505
4665,0.5,0.35782838
4666,0.5,0.05188155
4667,0.5,0.11875782
4668,0.5,0.036196586
4669,0.5,0.24396087
4670,0.5,0.010298954
4671,0.5,0.5693461
4672,0.5,0.10004917
4673,0.5,0.6257217
4674,0.5,0.021497376
4675,0.5,0.059382234
4676,0.5,0.0066076075
4677,0.5,0.8785794
4678,0.5,0.29490665
4679,0.5,0.29422528
4680,0.5,0.02061396
4681,0.5,0.002405995
4682,0.5,0.5859319
4683,0.5,0.99868256
4684,0.5,0.9170205
4685,0.5,0.12746117
4686,0.5,0.027488817
4687,0.5,0.98957
4688,0.5,0.012823013
4689,0.5,0.0071000373
4690,0.5,0.0024956758
4691,0.5,0.0012836122
4692,0.5,0.005549267
4693,0.5,0.0451307
4694,0.5,0.026344018
4695,0.5,0.0018897528
4696,0.5,0.016197005
4697,0.5,0.17581409
4698,0.5,0.099627726
4699,0.5,0.023842357
4700,0.5,0.7112767
4701,0.5,0.0056798523
4702,0.5,0.013437614
4703,0.5,0.0014650766
4704,0.5,0.011861004
4705,0.5,0.00039547903
4706,0.5,0.0012833562
4707,0.5,0.1576166
4708,0.5,0.7995682
4709,0.5,0.014924635
4710,0.5,0.03647768
4711,0.5,0.014674936
4712,0.5,0.05481617
4713,0.5,0.96630937
4714,0.5,0.0036763584
4715,0.5,0.89479136
4716,0.5,0.7332696
4717,0.5,0.5817076
4718,0.5,0.00047184157
4719,0.5,0.025635486
4720,0.5,0.9148724
4721,0.5,0.009006705
4722,0.5,0.5961802
4723,0.5,0.00624023
4724,0.5,0.008234797
4725,0.5,0.05669051
4726,0.5,0.46800685
4727,0.5,0.16189966
4728,0.5,0.015841836
4729,0.5,0.007959724
4730,0.5,0.0015739505
4731,0.5,0.8781235
4732,0.5,0.18499307
4733,0.5,0.044702724
4734,0.5,0.7770546
4735,0.5,0.0045912107
4736,0.5,0.0030153922
4737,0.5,0.049387433
4738,0.5,0.004008728
4739,0.5,0.011076552
4740,0.5,0.0005783199
4741,0.5,0.8496078
4742,0.5,0.0036100463
4743,0.5,0.00955212
4744,0.5,0.0017866096
4745,0.5,0.026452467
4746,0.5,0.1275035
4747,0.5,0.18827221
4748,0.5,0.04232293
4749,0.5,0.0395525
4750,0.5,0.0005388247
4751,0.5,0.55065936
4752,0.5,0.019335205
4753,0.5,0.20947193
4754,0.5,0.024450213
4755,0.5,0.00434562
4756,0.5,0.0208037
4757,0.5,0.33723074
4758,0.5,0.009998011
4759,0.5,0.009276673
4760,0.5,0.020845868
4761,0.5,0.94675285
4762,0.5,0.33826762
4763,0.5,0.04067734
4764,0.5,0.0025480518
4765,0.5,0.00016423446
4766,0.5,0.011037467
4767,0.5,0.28928
4768,0.5,0.016323451
4769,0.5,0.7427558
4770,0.5,0.0018225159
4771,0.5,0.01591385
4772,0.5,0.021460045
4773,0.5,0.17231502
4774,0.5,0.011530443
4775,0.5,0.029583907
4776,0.5,0.047897723
4777,0.5,0.97714305
4778,0.5,0.21098304
4779,0.5,0.74585706
4780,0.5,0.0011531448
4781,0.5,0.35136348
4782,0.5,0.00045240836
4783,0.5,0.02097634
4784,0.5,0.0056446055
4785,0.5,0.014547414
4786,0.5,0.0062968596
4787,0.5,0.17593077
4788,0.5,0.0087407725
4789,0.5,0.4600648
4790,0.5,0.43358755
4791,0.5,0.0060724663
4792,0.5,0.030908884
4793,0.5,0.79970294
4794,0.5,0.022165922
4795,0.5,0.55843157
4796,0.5,0.054296453
4797,0.5,0.08006816
4798,0.5,0.84679025
4799,0.5,0.0022986336
4800,0.5,0.004873602
4801,0.5,0.03357551
4802,0.5,0.0011811857
4803,0.5,0.9088682
4804,0.5,0.98788804
4805,0.5,0.0029597343
4806,0.5,0.0069610355
4807,0.5,0.8806408
4808,0.5,0.6583397
4809,0.5,0.014239784
4810,0.5,0.99895763
4811,0.5,0.14572464
4812,0.5,0.074941315
4813,0.5,0.021174408
4814,0.5,0.16196217
4815,0.5,0.0048811813
4816,0.5,0.0037072864
4817,0.5,0.6101949
4818,0.5,0.018794743
4819,0.5,0.6852476
4820,0.5,0.0165352
4821,0.5,0.27080742
4822,0.5,0.07796492
4823,0.5,0.0066483896
4824,0.5,0.18567577
4825,0.5,0.9195701
4826,0.5,0.0127069475
4827,0.5,0.7167628
4828,0.5,0.71387106
4829,0.5,0.0032401201
4830,0.5,0.98687905
4831,0.5,0.07721954
4832,0.5,0.0010695976
4833,0.5,0.014428475
4834,0.5,0.8970206
4835,0.5,0.0044848514
4836,0.5,0.29539928
4837,0.5,0.3495617
4838,0.5,0.0037684059
4839,0.5,0.0060337684
4840,0.5,0.059451617
4841,0.5,0.029425614
4842,0.5,0.0008699706
4843,0.5,0.00063223875
4844,0.5,0.00053330336
4845,0.5,0.00028622083
4846,0.5,0.0034878713
4847,0.5,0.014582756
4848,0.5,0.027999816
4849,0.5,0.0536773
4850,0.5,0.040916074
4851,0.5,0.00076255767
4852,0.5,0.6226813
4853,0.5,0.009540745
4854,0.5,0.03172085
4855,0.5,0.0031934876
4856,0.5,0.7364516
4857,0.5,0.49750885
4858,0.5,0.032088686
4859,0.5,0.033790752
4860,0.5,0.05071178
4861,0.5,0.16282214
4862,0.5,0.006517604
4863,0.5,0.10324439
4864,0.5,0.040605444
4865,0.5,0.041877255
4866,0.5,0.013164669
4867,0.5,0.0021628446
4868,0.5,0.9488196
4869,0.5,0.027315475
4870,0.5,0.07965916
4871,0.5,0.0017640146
4872,0.5,0.9583812
4873,0.5,0.024519717
4874,0.5,0.032394964
4875,0.5,0.9412597
4876,0.5,0.0015406954
4877,0.5,0.76717955
4878,0.5,0.000881691
4879,0.5,0.08347646
4880,0.5,0.020573547
4881,0.5,0.21501586
4882,0.5,0.07968936
4883,0.5,0.7091282
4884,0.5,0.0013122857
4885,0.5,0.06885068
4886,0.5,0.09872709
4887,0.5,0.024996608
4888,0.5,0.10104968
4889,0.5,0.027610779
4890,0.5,0.06629126
4891,0.5,0.3973597
4892,0.5,0.026744839
4893,0.5,0.020928489
4894,0.5,0.0009753932
4895,0.5,0.26222014
4896,0.5,0.00016271375
4897,0.5,0.034847762
4898,0.5,0.96147996
4899,0.5,0.3689093
4900,0.5,0.024321375
4901,0.5,0.050756067
4902,0.5,0.0016004583
4903,0.5,0.092477486
4904,0.5,0.26233616
4905,0.5,0.020969903
4906,0.5,0.25852776
4907,0.5,0.07986802
4908,0.5,0.0019298291
4909,0.5,0.001549219
4910,0.5,0.0072613372
4911,0.5,0.0009932072
4912,0.5,0.01934969
4913,0.5,0.025120541
4914,0.5,0.066208705
4915,0.5,0.00838083
4916,0.5,0.00039688172
4917,0.5,0.03211928
4918,0.5,0.052870438
4919,0.5,0.020535292
4920,0.5,0.10359461
4921,0.5,0.014038148
4922,0.5,0.09976624
4923,0.5,0.07065392
4924,0.5,0.51263154
4925,0.5,0.013924982
4926,0.5,0.9982956
4927,0.5,0.989179
4928,0.5,0.9857525
4929,0.5,0.10273142
4930,0.5,0.0039470843
4931,0.5,0.93258834
4932,0.5,0.01563327
4933,0.5,0.01109927
4934,0.5,0.0018234435
4935,0.5,0.99235594
4936,0.5,0.002541232
4937,0.5,0.009379485
4938,0.5,0.008050294
4939,0.5,0.0016292359
4940,0.5,0.5752934
4941,0.5,0.66410244
4942,0.5,0.0037040173
4943,0.5,0.3317098
4944,0.5,0.9940653
4945,0.5,0.0014564638
4946,0.5,0.1590187
4947,0.5,0.33389866
4948,0.5,0.075318635
4949,0.5,0.0035169837
4950,0.5,0.014013018
4951,0.5,0.081333205
4952,0.5,0.018111488
4953,0.5,0.001170258
4954,0.5,0.4976895
4955,0.5,0.005113792
4956,0.5,0.3256559
4957,0.5,0.25058037
4958,0.5,0.19260874
4959,0.5,0.2776525
4960,0.5,0.83595675
4961,0.5,0.17779058
4962,0.5,0.19339176
4963,0.5,0.14370273
4964,0.5,0.08345686
4965,0.5,0.0033270766
4966,0.5,0.19864377
4967,0.5,0.048801955
4968,0.5,0.77265567
4969,0.5,0.4320494
4970,0.5,0.002883663
4971,0.5,0.01451513
4972,0.5,0.008991197
4973,0.5,0.057906378
4974,0.5,0.005705304
4975,0.5,0.104460195
4976,0.5,0.007173985
4977,0.5,0.32504392
4978,0.5,0.00479357
4979,0.5,0.025678163
4980,0.5,0.0066948864
4981,0.5,0.013466267
4982,0.5,0.003095836
4983,0.5,0.10325554
4984,0.5,0.04570266
4985,0.5,0.0199731
4986,0.5,0.0068614376
4987,0.5,0.46623415
4988,0.5,0.0684323
4989,0.5,0.0057429257
4990,0.5,0.014692123
4991,0.5,0.9953158
4992,0.5,0.23497644
4993,0.5,0.022906173
4994,0.5,0.002875231
4995,0.5,0.0019815238
4996,0.5,0.034454834
4997,0.5,0.0007423752
4998,0.5,0.0013141962
4999,0.5,0.055457864
5000,0.5,0.0018058625
5001,0.5,0.07622805
5002,0.5,0.9566387
5003,0.5,0.02122211
5004,0.5,0.019202167
5005,0.5,0.06328709
5006,0.5,0.021337613
5007,0.5,0.0003217496
5008,0.5,0.4863322
5009,0.5,0.0016933436
5010,0.5,0.3698814
5011,0.5,0.2101463
5012,0.5,0.94902056
5013,0.5,0.6600886
5014,0.5,0.49414504
5015,0.5,0.035506517
5016,0.5,0.169922
5017,0.5,0.00059454964
5018,0.5,0.6389605
5019,0.5,0.92913276
5020,0.5,0.0011366572
5021,0.5,0.00079829816
5022,0.5,0.407655
5023,0.5,0.05674422
5024,0.5,0.007957563
5025,0.5,0.61714774
5026,0.5,0.0056118085
5027,0.5,0.0024406477
5028,0.5,0.193244
5029,0.5,0.0014337937
5030,0.5,0.00080813555
5031,0.5,0.0014077325
5032,0.5,0.014307196
5033,0.5,0.0004861365
5034,0.5,0.027337383
5035,0.5,0.018730836
5036,0.5,0.014087032
5037,0.5,0.75616014
5038,0.5,0.015964687
5039,0.5,0.013429581
5040,0.5,0.90183544
5041,0.5,0.1851412
5042,0.5,0.7964561
5043,0.5,0.023810854
5044,0.5,0.10789348
5045,0.5,0.0036170857
5046,0.5,0.0004747889
5047,0.5,0.0015747728
5048,0.5,0.0016596848
5049,0.5,0.9986854
5050,0.5,0.5427171
5051,0.5,0.62659556
5052,0.5,0.03217803
5053,0.5,0.20797294
5054,0.5,0.00087578845
5055,0.5,0.056478776
5056,0.5,0.9838845
5057,0.5,0.020497609
5058,0.5,0.023026282
5059,0.5,0.84536725
5060,0.5,0.0012041454
5061,0.5,0.055218585
5062,0.5,0.003877094
5063,0.5,0.025462652
5064,0.5,0.0053156856
5065,0.5,0.7109569
5066,0.5,0.003522675
5067,0.5,0.00467283
5068,0.5,0.042228423
5069,0.5,0.05143704
5070,0.5,0.062006027
5071,0.5,0.7125228
5072,0.5,0.012277432
5073,0.5,0.0019063543
5074,0.5,0.07817551
5075,0.5,0.0014748478
5076,0.5,0.021201449
5077,0.5,0.00051579124
5078,0.5,0.0032504098
5079,0.5,0.031105818
5080,0.5,0.07372142
5081,0.5,0.0002654061
5082,0.5,0.018162848
5083,0.5,0.90206176
5084,0.5,0.0017486287
5085,0.5,0.01750034
5086,0.5,0.0029815924
5087,0.5,0.0004912487
5088,0.5,0.13282663
5089,0.5,0.0008312525
5090,0.5,0.017668597
5091,0.5,0.0006862228
5092,0.5,0.23214248
5093,0.5,0.0010129744
5094,0.5,0.00041865496
5095,0.5,0.21658568
5096,0.5,0.0030958108
5097,0.5,0.48355937
5098,0.5,0.9957606
5099,0.5,0.01456489
5100,0.5,0.00315287
5101,0.5,0.3648135
5102,0.5,0.47077173
5103,0.5,0.09841813
5104,0.5,0.0043099686
5105,0.5,0.7562722
5106,0.5,0.0011084356
5107,0.5,0.57187396
5108,0.5,0.99546474
5109,0.5,0.2934759
5110,0.5,0.03307979
5111,0.5,0.010172706
5112,0.5,0.0072478307
5113,0.5,0.0025866379
5114,0.5,0.021422248
5115,0.5,0.0020943934
5116,0.5,0.0015334688
5117,0.5,0.14266993
5118,0.5,0.016610382
5119,0.5,0.008959255
5120,0.5,0.13162105
5121,0.5,0.94225246
5122,0.5,0.989767
5123,0.5,0.016879553
5124,0.5,0.36071724
5125,0.5,0.0013409805
5126,0.5,0.0014098575
5127,0.5,0.045230974
5128,0.5,0.024093637
5129,0.5,0.030623963
5130,0.5,0.04492843
5131,0.5,0.09787717
5132,0.5,0.94432193
5133,0.5,0.53902763
5134,0.5,0.0011366095
5135,0.5,0.008167477
5136,0.5,0.004205432
5137,0.5,0.02795905
5138,0.5,0.00069643906
5139,0.5,0.87206477
5140,0.5,0.13702254
5141,0.5,0.029637545
5142,0.5,0.00878343
5143,0.5,0.00038453063
5144,0.5,0.27789468
5145,0.5,0.7701851
5146,0.5,0.002131724
5147,0.5,0.26923358
5148,0.5,0.08483009
5149,0.5,0.016466599
5150,0.5,0.84566176
5151,0.5,0.15045169
5152,0.5,0.3838997
5153,0.5,0.044687923
5154,0.5,0.0010021385
5155,0.5,0.006019361
5156,0.5,0.0019444673
5157,0.5,0.38509706
5158,0.5,0.0082104895
5159,0.5,0.068830274
5160,0.5,0.77546906
5161,0.5,0.27929667
5162,0.5,0.19866475
5163,0.5,0.06351392
5164,0.5,0.7328273
5165,0.5,0.056841195
5166,0.5,0.0031432752
5167,0.5,0.014847354
5168,0.5,0.0016330159
5169,0.5,0.99799997
5170,0.5,0.019808216
5171,0.5,0.005524534
5172,0.5,0.0060617034
5173,0.5,0.010207614
5174,0.5,0.009775514
5175,0.5,0.0030277718
5176,0.5,0.01081875
5177,0.5,0.0042129504
5178,0.5,0.000779904
5179,0.5,0.010659443
5180,0.5,0.0030840442
5181,0.5,0.115288414
5182,0.5,0.1753362
5183,0.5,0.011067029
5184,0.5,0.0013137489
5185,0.5,0.0076575615
5186,0.5,0.063045256
5187,0.5,0.0046396893
5188,0.5,0.4882564
5189,0.5,0.7156051
5190,0.5,0.013481835
5191,0.5,0.8854173
5192,0.5,0.10785544
5193,0.5,0.0016776625
5194,0.5,0.00955865
5195,0.5,0.010948879
5196,0.5,0.9108087
5197,0.5,0.002548299
5198,0.5,0.008989073
5199,0.5,0.8800077
5200,0.5,0.71790856
5201,0.5,0.0017573944
5202,0.5,0.048481684
5203,0.5,0.2001041
5204,0.5,0.003268344
5205,0.5,0.00029174838
5206,0.5,0.000906961
5207,0.5,0.3364181
5208,0.5,0.0011617241
5209,0.5,0.0012548473
5210,0.5,0.007547834
5211,0.5,0.019834304
5212,0.5,0.53377897
5213,0.5,0.38138622
5214,0.5,0.052695133
5215,0.5,0.4092265
5216,0.5,0.14939919
5217,0.5,0.99881953
5218,0.5,0.00050218136
5219,0.5,0.039189827
5220,0.5,0.0013734029
5221,0.5,0.0006202263
5222,0.5,0.06470054
5223,0.5,0.01934595
5224,0.5,0.61562246
5225,0.5,0.27531558
5226,0.5,0.019253694
5227,0.5,0.04164661
5228,0.5,0.8022538
5229,0.5,0.8914896
5230,0.5,0.11843107
5231,0.5,0.065393776
5232,0.5,0.009881119
5233,0.5,0.004185194
5234,0.5,0.9956513
5235,0.5,0.03405142
5236,0.5,0.6576467
5237,0.5,0.000379532
5238,0.5,0.1921457
5239,0.5,0.9747405
5240,0.5,0.004275094
5241,0.5,0.26352057
5242,0.5,0.9731969
5243,0.5,0.009880084
5244,0.5,0.0014895336
5245,0.5,0.023983464
5246,0.5,0.0045620217
5247,0.5,0.031724293
5248,0.5,0.9225239
5249,0.5,0.0015495776
5250,0.5,0.058901552
5251,0.5,0.013770301
5252,0.5,0.011057212
5253,0.5,0.02985163
5254,0.5,0.01356638
5255,0.5,0.015459235
5256,0.5,0.0020818987
5257,0.5,0.00209952
5258,0.5,0.0025096866
5259,0.5,0.0027635216
5260,0.5,0.0022618102
5261,0.5,0.0010766878
5262,0.5,0.032636154
5263,0.5,0.19450587
5264,0.5,0.0036198052
5265,0.5,0.00905298
5266,0.5,0.0018876896
5267,0.5,0.0008122041
5268,0.5,0.039674915
5269,0.5,0.076501384
5270,0.5,0.0020783213
5271,0.5,0.022208901
5272,0.5,0.052742567
5273,0.5,0.6976588
5274,0.5,0.0026371365
5275,0.5,0.0011986141
5276,0.5,0.85613304
5277,0.5,0.15953632
5278,0.5,0.033676915
5279,0.5,0.8374634
5280,0.5,0.00577132
5281,0.5,0.008078524
5282,0.5,0.40842688
5283,0.5,0.9981357
5284,0.5,0.0058864853
5285,0.5,0.0011287895
5286,0.5,0.0111059975
5287,0.5,0.13468948
5288,0.5,0.012007187
5289,0.5,0.24396075
5290,0.5,0.0012121461
5291,0.5,0.9898303
5292,0.5,0.0060536875
5293,0.5,0.0030900445
5294,0.5,0.0005822451
5295,0.5,0.30686077
5296,0.5,0.0074998047
5297,0.5,0.0067677284
5298,0.5,0.9855762
5299,0.5,0.025748946
5300,0.5,0.116434135
5301,0.5,0.9840493
5302,0.5,0.970919
5303,0.5,0.15596192
5304,0.5,0.2473731
5305,0.5,0.03605212
5306,0.5,0.026248347
5307,0.5,0.0015423836
5308,0.5,0.004370504
5309,0.5,0.087939404
5310,0.5,0.0022960082
5311,0.5,0.029984556
5312,0.5,0.4353597
5313,0.5,0.15801448
5314,0.5,0.005540009
5315,0.5,0.37802008
5316,0.5,0.006843039
5317,0.5,0.3426818
5318,0.5,0.118595056
5319,0.5,0.0040001734
5320,0.5,0.4776164
5321,0.5,0.002555358
5322,0.5,0.9874263
5323,0.5,0.0024534073
5324,0.5,0.10853694
5325,0.5,0.00045978863
5326,0.5,0.006334097
5327,0.5,0.011680282
5328,0.5,0.04590141
5329,0.5,0.007314236
5330,0.5,0.07611296
5331,0.5,0.009194819
5332,0.5,0.013367336
5333,0.5,0.0011053396
5334,0.5,0.25449038
5335,0.5,0.0023716458
5336,0.5,0.0034569781
5337,0.5,0.0011653306
5338,0.5,0.0003665345
5339,0.5,0.018257719
5340,0.5,0.0368944
5341,0.5,0.7144622
5342,0.5,0.0022637597
5343,0.5,0.0068418006
5344,0.5,0.27443686
5345,0.5,0.6084316
5346,0.5,0.03247913
5347,0.5,0.017549288
5348,0.5,0.9844125
5349,0.5,0.6324176
5350,0.5,0.008303511
5351,0.5,0.86056006
5352,0.5,0.029780472
5353,0.5,0.01905941
5354,0.5,0.48374814
5355,0.5,0.27247086
5356,0.5,0.9859761
5357,0.5,0.0010436778
5358,0.5,0.32456362
5359,0.5,0.50264835
5360,0.5,0.51905316
5361,0.5,0.3599722
5362,0.5,0.005525731
5363,0.5,0.022251286
5364,0.5,0.021329083
5365,0.5,0.43335348
5366,0.5,0.037853505
5367,0.5,0.4825465
5368,0.5,0.00049919734
5369,0.5,0.010845265
5370,0.5,0.0061141117
5371,0.5,0.0033086953
5372,0.5,0.008225429
5373,0.5,0.036981903
5374,0.5,0.012806478
5375,0.5,0.024110865
5376,0.5,0.9160277
5377,0.5,0.7949473
5378,0.5,0.66456634
5379,0.5,0.00072643283
5380,0.5,0.9463221
5381,0.5,0.11195527
5382,0.5,0.8741108
5383,0.5,0.0016149207
5384,0.5,0.0006325696
5385,0.5,0.0047597764
5386,0.5,0.016493721
5387,0.5,0.005591728
5388,0.5,0.11894761
5389,0.5,0.6867829
5390,0.5,0.0123373205
5391,0.5,0.6416395
5392,0.5,0.026414223
5393,0.5,0.0026876964
5394,0.5,0.03977765
5395,0.5,0.09907115
5396,0.5,0.017417846
5397,0.5,0.9788215
5398,0.5,0.0011347384
5399,0.5,0.0013000909
5400,0.5,0.009881166
5401,0.5,0.0040792245
5402,0.5,0.0016160104
5403,0.5,0.051101312
5404,0.5,0.15702379
5405,0.5,0.0030333025
5406,0.5,0.4648201
5407,0.5,0.20399435
5408,0.5,0.00039134224
5409,0.5,0.00824218
5410,0.5,0.010710049
5411,0.5,0.67218214
5412,0.5,0.005571335
5413,0.5,0.17511967
5414,0.5,0.4252854
5415,0.5,0.019746436
5416,0.5,0.0023980013
5417,0.5,0.13339645
5418,0.5,0.9724213
5419,0.5,0.5323228
5420,0.5,0.0041665826
5421,0.5,0.0017257844
5422,0.5,0.026120255
5423,0.5,0.0066915257
5424,0.5,0.0136733465
5425,0.5,0.47867337
5426,0.5,0.023532007
5427,0.5,0.006110502
5428,0.5,0.9845524
5429,0.5,0.004092619
5430,0.5,0.44674644
5431,0.5,0.0027898028
5432,0.5,0.0018169258
5433,0.5,0.033565585
5434,0.5,0.00037952568
5435,0.5,0.0050674407
5436,0.5,0.048608147
5437,0.5,0.093561135
5438,0.5,0.0069806855
5439,0.5,0.0017748668
5440,0.5,0.57807016
5441,0.5,0.042342853
5442,0.5,0.5655104
5443,0.5,0.0014154162
5444,0.5,0.008733941
5445,0.5,0.0004835095
5446,0.5,0.94809765
5447,0.5,0.2418358
5448,0.5,0.082955666
5449,0.5,0.70212376
5450,0.5,0.0016383071
5451,0.5,0.03238141
5452,0.5,0.014563712
5453,0.5,0.16463353
5454,0.5,0.008391513
5455,0.5,0.5070148
5456,0.5,0.20276861
5457,0.5,0.027536577
5458,0.5,0.0005132053
5459,0.5,0.0812795
5460,0.5,0.9895907
5461,0.5,0.5664121
5462,0.5,0.019643636
5463,0.5,0.0005470776
5464,0.5,0.8506191
5465,0.5,0.005467031
5466,0.5,0.014156905
5467,0.5,0.0013353188
5468,0.5,0.036222044
5469,0.5,0.00603428
5470,0.5,0.014151809
5471,0.5,0.112765394
5472,0.5,0.0022710608
5473,0.5,0.00992097
5474,0.5,0.0068148505
5475,0.5,0.001556402
5476,0.5,0.007680561
5477,0.5,0.0013968479
5478,0.5,0.297388
5479,0.5,0.56911427
5480,0.5,0.23457567
5481,0.5,0.0001358472
5482,0.5,0.96832097
5483,0.5,0.019339262
5484,0.5,0.35748947
5485,0.5,0.0035313107
5486,0.5,0.24538322
5487,0.5,0.9651159
5488,0.5,0.04381066
5489,0.5,0.022519741
5490,0.5,0.008126246
5491,0.5,0.25183317
5492,0.5,0.7859214
5493,0.5,0.010212674
5494,0.5,0.17019543
5495,0.5,0.7269351
5496,0.5,0.0059178816
5497,0.5,0.00061724184
5498,0.5,0.39146304
5499,0.5,0.02063513
5500,0.5,0.0010176648
5501,0.5,0.75898933
5502,0.5,0.34449366
5503,0.5,0.023157813
5504,0.5,0.14420657
5505,0.5,0.9779961
5506,0.5,0.0058259633
5507,0.5,0.99345946
5508,0.5,0.022864008
5509,0.5,0.015846767
5510,0.5,0.009565776
5511,0.5,0.02137167
5512,0.5,0.0022719393
5513,0.5,0.004717026
5514,0.5,0.02060876
5515,0.5,0.093917884
5516,0.5,0.26280588
5517,0.5,0.0013771777
5518,0.5,0.43610695
5519,0.5,0.059866417
5520,0.5,0.4836328
5521,0.5,0.002110965
5522,0.5,0.0040874057
5523,0.5,0.019335097
5524,0.5,0.0012042675
5525,0.5,0.0034634117
5526,0.5,0.0010796393
5527,0.5,0.4074366
5528,0.5,0.59747046
5529,0.5,0.9175874
5530,0.5,0.004062595
5531,0.5,0.01654025
5532,0.5,0.01763559
5533,0.5,0.0014202178
5534,0.5,0.0028539398
5535,0.5,0.0018523143
5536,0.5,0.8791554
5537,0.5,0.0035019738
5538,0.5,0.18913838
5539,0.5,0.003640066
5540,0.5,0.007045631
5541,0.5,0.0045558023
5542,0.5,0.006881014
5543,0.5,0.997182
5544,0.5,0.9900663
5545,0.5,0.70529604
5546,0.5,0.005051788
5547,0.5,0.27188456
5548,0.5,0.3028787
5549,0.5,0.0001379841
5550,0.5,0.39468446
5551,0.5,0.011541307
5552,0.5,0.0029080093
5553,0.5,0.9780594
5554,0.5,0.31552044
5555,0.5,0.00942978
5556,0.5,0.027267458
5557,0.5,0.016696904
5558,0.5,0.012058386
5559,0.5,0.35517958
5560,0.5,0.95490843
5561,0.5,0.0035780664
5562,0.5,0.00036963966
5563,0.5,0.0016159752
5564,0.5,0.0033703072
5565,0.5,0.0005528271
5566,0.5,0.59782743
5567,0.5,0.030611165
5568,0.5,0.005866818
5569,0.5,0.43166527
5570,0.5,0.9579735
5571,0.5,0.37224436
5572,0.5,0.026651802
5573,0.5,0.09814846
5574,0.5,0.00024160363
5575,0.5,0.0038844694
5576,0.5,0.17148983
5577,0.5,0.017700521
5578,0.5,0.004769214
5579,0.5,0.25364795
5580,0.5,0.53865135
5581,0.5,0.99761933
5582,0.5,0.049704134
5583,0.5,0.005202397
5584,0.5,0.001567147
5585,0.5,0.14171241
5586,0.5,0.019203367
5587,0.5,0.0020200373
5588,0.5,0.015152039
5589,0.5,0.9980065
5590,0.5,0.0011471343
5591,0.5,0.0023128046
5592,0.5,0.0014058909
5593,0.5,0.0018370646
5594,0.5,0.0019154233
5595,0.5,0.27895135
5596,0.5,0.09833676
5597,0.5,0.043487273
5598,0.5,0.039099302
5599,0.5,0.67721856
5600,0.5,0.0005432785
5601,0.5,0.00048963213
5602,0.5,0.01979292
5603,0.5,0.0032130813
5604,0.5,0.00076270115
5605,0.5,0.097909786
5606,0.5,0.015098708
5607,0.5,0.08707897
5608,0.5,0.0058176755
5609,0.5,0.037998863
5610,0.5,0.0274994
5611,0.5,0.027182505
5612,0.5,0.0024480505
5613,0.5,0.69109046
5614,0.5,0.008877751
5615,0.5,0.0050926497
5616,0.5,0.0057349075
5617,0.5,0.48233965
5618,0.5,0.6818195
5619,0.5,0.0008361154
5620,0.5,0.85513985
5621,0.5,0.0006460903
5622,0.5,0.8730506
5623,0.5,0.009992095
5624,0.5,0.08233901
5625,0.5,0.01219692
5626,0.5,0.010294513
5627,0.5,0.022151634
5628,0.5,0.0071729245
5629,0.5,0.07092076
5630,0.5,0.15174364
5631,0.5,0.3725124
5632,0.5,0.038507976
5633,0.5,0.001722504
5634,0.5,0.03317038
5635,0.5,0.002186758
5636,0.5,0.001435887
5637,0.5,0.0017037384
5638,0.5,0.14592119
5639,0.5,0.0058433944
5640,0.5,0.0030286396
5641,0.5,0.011944817
5642,0.5,0.008172172
5643,0.5,0.043779645
5644,0.5,0.8092317
5645,0.5,0.09031921
5646,0.5,0.031499635
5647,0.5,0.18512309
5648,0.5,0.003227776
5649,0.5,0.080854505
5650,0.5,0.00056044065
5651,0.5,0.30889574
5652,0.5,0.022823486
5653,0.5,0.99593663
5654,0.5,0.11421155
5655,0.5,0.10413866
5656,0.5,0.12369302
5657,0.5,0.02339508
5658,0.5,0.11343864
5659,0.5,0.0038695985
5660,0.5,0.00067387
5661,0.5,0.017327907
5662,0.5,0.15626042
5663,0.5,0.065756075
5664,0.5,0.031791314
5665,0.5,0.005547491
5666,0.5,0.9974712
5667,0.5,0.12258831
5668,0.5,0.0017526937
5669,0.5,0.06794197
5670,0.5,0.3840377
5671,0.5,0.01252365
5672,0.5,0.08870081
5673,0.5,0.7337837
5674,0.5,0.051034402
5675,0.5,0.020230964
5676,0.5,0.014972804
5677,0.5,0.0035524957
5678,0.5,0.10215644
5679,0.5,0.00032732237
5680,0.5,0.010457938
5681,0.5,0.53745455
5682,0.5,0.24316187
5683,0.5,0.0070132595
5684,0.5,0.014821068
5685,0.5,0.009137761
5686,0.5,0.013028661
5687,0.5,0.002883427
5688,0.5,0.953029
5689,0.5,0.99816126
5690,0.5,0.03957394
5691,0.5,0.0022937744
5692,0.5,0.0018133924
5693,0.5,0.33354762
5694,0.5,0.11054662
5695,0.5,0.0039573484
5696,0.5,0.0019985046
5697,0.5,0.0008188979
5698,0.5,0.00058281113
5699,0.5,0.0097162
5700,0.5,0.026776686
5701,0.5,0.0015751004
5702,0.5,0.0010238835
5703,0.5,0.00065473124
5704,0.5,0.002033451
5705,0.5,0.9198366
5706,0.5,0.0040829536
5707,0.5,0.0008723372
5708,0.5,0.001621655
5709,0.5,0.024511822
5710,0.5,0.0008553149
5711,0.5,0.009737447
5712,0.5,0.008486275
5713,0.5,0.04102114
5714,0.5,0.8191922
5715,0.5,0.0015458696
5716,0.5,0.16993935
5717,0.5,0.0055074613
5718,0.5,0.0061787786
5719,0.5,0.20624727
5720,0.5,0.0064505804
5721,0.5,0.014392532
5722,0.5,0.016673222
5723,0.5,0.0014423782
5724,0.5,0.00030494164
5725,0.5,0.00071422645
5726,0.5,0.024141608
5727,0.5,0.09144032
5728,0.5,0.0055131577
5729,0.5,0.003985038
5730,0.5,0.006634884
5731,0.5,0.0016707502
5732,0.5,0.43840694
5733,0.5,0.6385351
5734,0.5,0.012350651
5735,0.5,0.0037595388
5736,0.5,0.013372325
5737,0.5,0.9974535
5738,0.5,0.056881
5739,0.5,0.0004310509
5740,0.5,0.96862787
5741,0.5,0.28748828
5742,0.5,0.2811017
5743,0.5,0.36453718
5744,0.5,0.017675592
5745,0.5,0.48192897
5746,0.5,0.9826917
5747,0.5,0.0783916
5748,0.5,0.99294513
5749,0.5,0.022217222
5750,0.5,0.0036002505
5751,0.5,0.09785527
5752,0.5,0.0064255423
5753,0.5,0.7954994
5754,0.5,0.030987691
5755,0.5,0.8449687
5756,0.5,0.002108616
5757,0.5,0.3315306
5758,0.5,0.97355044
5759,0.5,0.9744555
5760,0.5,0.01888649
5761,0.5,0.0025119726
5762,0.5,0.013476914
5763,0.5,0.033602063
5764,0.5,0.094727635
5765,0.5,0.07451795
5766,0.5,0.74772334
5767,0.5,0.022685945
5768,0.5,0.0014477989
5769,0.5,0.9966524
5770,0.5,0.061379015
5771,0.5,0.009514474
5772,0.5,0.49269214
5773,0.5,0.0776433
5774,0.5,0.044089064
5775,0.5,0.028364126
5776,0.5,0.0020015752
5777,0.5,0.0014692289
5778,0.5,0.0048926044
5779,0.5,0.0023247402
5780,0.5,0.10756521
5781,0.5,0.987811
5782,0.5,0.022373255
5783,0.5,0.007962903
5784,0.5,0.14970984
5785,0.5,0.064578496
5786,0.5,0.0066429907
5787,0.5,0.024471747
5788,0.5,0.011508155
5789,0.5,0.0007002952
5790,0.5,0.14943396
5791,0.5,0.0006702809
5792,0.5,0.062349584
5793,0.5,0.0024443597
5794,0.5,0.04136385
5795,0.5,0.002196672
5796,0.5,0.0015256193
5797,0.5,0.02080089
5798,0.5,0.5179445
5799,0.5,0.0018650326
5800,0.5,0.96677387
5801,0.5,0.0043553878
5802,0.5,0.09827276
5803,0.5,0.6994273
5804,0.5,0.15620616
5805,0.5,0.0038134975
5806,0.5,0.9286218
5807,0.5,0.011314868
5808,0.5,0.0469463
5809,0.5,9.72e-05
5810,0.5,0.38312697
5811,0.5,0.0012778285
5812,0.5,0.0058811773
5813,0.5,0.037860595
5814,0.5,0.038787346
5815,0.5,0.73896694
5816,0.5,0.01625759
5817,0.5,0.39719924
5818,0.5,0.07683458
5819,0.5,0.007494195
5820,0.5,0.4566555
5821,0.5,0.0005248069
5822,0.5,0.9653229
5823,0.5,0.0038515544
5824,0.5,0.0014163913
5825,0.5,0.00089026324
5826,0.5,0.001621668
5827,0.5,0.036778342
5828,0.5,0.116599835
5829,0.5,0.18429111
5830,0.5,0.0009087178
5831,0.5,0.880636
5832,0.5,0.09366149
5833,0.5,0.8044941
5834,0.5,0.005141323
5835,0.5,0.912569
5836,0.5,0.008998236
5837,0.5,0.9571489
5838,0.5,0.21444201
5839,0.5,0.014814185
5840,0.5,0.040783178
5841,0.5,0.040538736
5842,0.5,0.0007657278
5843,0.5,0.0035733941
5844,0.5,0.2709281
5845,0.5,0.0031320178
5846,0.5,0.14555876
5847,0.5,0.12221863
5848,0.5,0.106812246
5849,0.5,0.03056725
5850,0.5,0.029675417
5851,0.5,0.019138904
5852,0.5,0.0014297365
5853,0.5,0.012310726
5854,0.5,0.0024618872
5855,0.5,0.21729277
5856,0.5,0.0015353785
5857,0.5,0.010001888
5858,0.5,0.65447533
5859,0.5,0.0008577801
5860,0.5,0.73735064
5861,0.5,0.001353782
5862,0.5,0.37054527
5863,0.5,0.0023589435
5864,0.5,0.005469474
5865,0.5,0.010092087
5866,0.5,0.052629355
5867,0.5,0.018059393
5868,0.5,0.99866223
5869,0.5,0.7553327
5870,0.5,0.00027812985
5871,0.5,0.009295985
5872,0.5,0.97785646
5873,0.5,0.01765627
5874,0.5,0.1496632
5875,0.5,0.029883591
5876,0.5,0.022057604
5877,0.5,0.027604744
5878,0.5,0.3682254
5879,0.5,0.06601436
5880,0.5,0.0027471466
5881,0.5,0.0122022405
5882,0.5,0.9607281
5883,0.5,0.043320123
5884,0.5,0.033722706
5885,0.5,0.020102829
5886,0.5,0.88016105
5887,0.5,0.00061380205
5888,0.5,0.056171972
5889,0.5,0.10425418
5890,0.5,0.13124248
5891,0.5,0.9593166
5892,0.5,0.050088298
5893,0.5,0.01425959
5894,0.5,0.14175753
5895,0.5,0.015073159
5896,0.5,0.025139038
5897,0.5,0.17454083
5898,0.5,0.06341563
5899,0.5,0.00029679012
5900,0.5,0.5741225
5901,0.5,0.009505792
5902,0.5,0.5967707
5903,0.5,0.010507572
5904,0.5,0.026234908
5905,0.5,0.04675281
5906,0.5,0.012712577
5907,0.5,0.010836109
5908,0.5,0.00057968876
5909,0.5,0.023447739
5910,0.5,0.0029381558
5911,0.5,0.006545501
5912,0.5,0.20542063
5913,0.5,0.07547971
5914,0.5,0.5408377
5915,0.5,0.0036409616
5916,0.5,0.0034036506
5917,0.5,0.012121318
5918,0.5,0.001956814
5919,0.5,0.012194254
5920,0.5,0.488272
5921,0.5,0.0007678567
5922,0.5,0.022202466
5923,0.5,0.021622261
5924,0.5,0.089972354
5925,0.5,0.6008323
5926,0.5,0.016113175
5927,0.5,0.0154439425
5928,0.5,0.0022110846
5929,0.5,0.046488058
5930,0.5,0.62637126
5931,0.5,0.0041297027
5932,0.5,0.1860169
5933,0.5,0.84868056
5934,0.5,0.0035995853
5935,0.5,0.9531895
5936,0.5,0.0013621923
5937,0.5,0.007604678
5938,0.5,0.169526
5939,0.5,0.019814037
5940,0.5,0.0034570766
5941,0.5,0.21425593
5942,0.5,0.0026794432
5943,0.5,0.025457742
5944,0.5,0.3144846
5945,0.5,0.0012218929
5946,0.5,0.9752736
5947,0.5,0.28982058
5948,0.5,0.6487634
5949,0.5,0.0035058465
5950,0.5,0.026972458
5951,0.5,0.001966739
5952,0.5,0.086687416
5953,0.5,0.0020522254
5954,0.5,0.017547973
5955,0.5,0.00022871944
5956,0.5,0.0034293788
5957,0.5,0.11400177
5958,0.5,0.00094909547
5959,0.5,0.055425834
5960,0.5,0.009132098
5961,0.5,0.014070961
5962,0.5,0.015782917
5963,0.5,0.98182696
5964,0.5,0.0051657064
5965,0.5,0.027252562
5966,0.5,0.9958663
5967,0.5,0.02395506
5968,0.5,0.8037706
5969,0.5,0.4013186
5970,0.5,0.002960266
5971,0.5,0.007580785
5972,0.5,0.00079742115
5973,0.5,0.26835734
5974,0.5,0.00075950666
5975,0.5,0.005648584
5976,0.5,0.16148268
5977,0.5,0.00059153244
5978,0.5,0.00639349
5979,0.5,0.09018245
5980,0.5,0.0016229663
5981,0.5,0.00014562883
5982,0.5,0.0015422645
5983,0.5,0.058002055
5984,0.5,0.0023615272
5985,0.5,0.09237336
5986,0.5,0.007978746
5987,0.5,0.001989722
5988,0.5,0.41013306
5989,0.5,0.0052950867
5990,0.5,0.09701633
5991,0.5,0.21804655
5992,0.5,0.0056442097
5993,0.5,0.9654436
5994,0.5,0.8163652
5995,0.5,0.98750234
5996,0.5,0.0054131243
5997,0.5,0.017301813
5998,0.5,0.9695301
5999,0.5,0.90101427
6000,0.5,0.08509719
6001,0.5,0.93076086
6002,0.5,0.046103023
6003,0.5,0.007716668
6004,0.5,0.0051204534
6005,0.5,0.006917055
6006,0.5,0.98000205
6007,0.5,0.03365557
6008,0.5,0.0020985673
6009,0.5,0.0052752276
6010,0.5,0.0022760525
6011,0.5,0.0054862867
6012,0.5,0.31204534
6013,0.5,0.0077441884
6014,0.5,0.002301968
6015,0.5,0.42814574
6016,0.5,0.79448974
6017,0.5,0.51859725
6018,0.5,0.0010270262
6019,0.5,0.0038716595
6020,0.5,0.96024543
6021,0.5,0.019911729
6022,0.5,0.019273788
6023,0.5,0.1692559
6024,0.5,0.014539664
6025,0.5,0.003457967
6026,0.5,0.7042403
6027,0.5,0.017781548
6028,0.5,0.0070256605
6029,0.5,0.1445795
6030,0.5,0.006065414
6031,0.5,0.008190032
6032,0.5,0.0110456
6033,0.5,0.002288045
6034,0.5,0.05116512
6035,0.5,0.33274618
6036,0.5,0.0013339892
6037,0.5,0.97150844
6038,0.5,0.98543626
6039,0.5,0.0017652812
6040,0.5,0.0039972146
6041,0.5,0.0074851774
6042,0.5,0.99885917
6043,0.5,0.035233084
6044,0.5,0.071026556
6045,0.5,0.004789759
6046,0.5,0.022062846
6047,0.5,0.024756778
6048,0.5,0.91713357
6049,0.5,0.39926624
6050,0.5,0.0016895641
6051,0.5,0.0087914
6052,0.5,0.65115166
6053,0.5,0.99460226
6054,0.5,0.001989543
6055,0.5,0.013951977
6056,0.5,0.0038021472
6057,0.5,0.01231884
6058,0.5,0.21853776
6059,0.5,0.0018757641
6060,0.5,0.0023607307
6061,0.5,0.26490504
6062,0.5,0.008600398
6063,0.5,0.6512036
6064,0.5,0.15112594
6065,0.5,0.77946866
6066,0.5,0.11608753
6067,0.5,0.013241194
6068,0.5,0.06320094
6069,0.5,0.010969899
6070,0.5,0.0028347918
6071,0.5,0.9153314
6072,0.5,0.3784612
6073,0.5,0.009207478
6074,0.5,0.32010868
6075,0.5,0.007146774
6076,0.5,0.0040904833
6077,0.5,0.00013730762
6078,0.5,0.010747708
6079,0.5,0.09049295
6080,0.5,0.0008398272
6081,0.5,0.00040345135
6082,0.5,0.8868086
6083,0.5,0.021883521
6084,0.5,0.0043857167
6085,0.5,0.0027734437
6086,0.5,0.005497663
6087,0.5,0.0031544366
6088,0.5,0.093893684
6089,0.5,0.0008597788
6090,0.5,0.0012876837
6091,0.5,0.0005325523
6092,0.5,0.052630723
6093,0.5,0.39325917
6094,0.5,0.0139405215
6095,0.5,0.54567087
6096,0.5,0.01769612
6097,0.5,0.53075296
6098,0.5,0.0008100986
6099,0.5,0.1525074
6100,0.5,0.004500274
6101,0.5,0.32583374
6102,0.5,0.009865103
6103,0.5,0.00058864837
6104,0.5,0.0031099883
6105,0.5,0.06355395
6106,0.5,0.00025880244
6107,0.5,0.003507268
6108,0.5,0.00094738795
6109,0.5,0.39373064
6110,0.5,0.012601456
6111,0.5,0.92690694
6112,0.5,0.4107348
6113,0.5,0.03455754
6114,0.5,0.09298089
6115,0.5,0.0060718935
6116,0.5,0.06439212
6117,0.5,0.9682767
6118,0.5,0.17815214
6119,0.5,0.080516115
6120,0.5,0.0019604631
6121,0.5,0.9784896
6122,0.5,0.0020451322
6123,0.5,0.0003211875
6124,0.5,0.0062190406
6125,0.5,0.027060864
6126,0.5,0.0016240955
6127,0.5,0.019106539
6128,0.5,0.89507216
6129,0.5,0.0366304
6130,0.5,0.0008873428
6131,0.5,0.3128557
6132,0.5,0.04550709
6133,0.5,0.286124
6134,0.5,0.3857678
6135,0.5,0.0021781756
6136,0.5,0.0026371828
6137,0.5,0.86402726
6138,0.5,0.05951988
6139,0.5,0.0021656633
6140,0.5,0.0017191219
6141,0.5,0.49659383
6142,0.5,0.24350242
6143,0.5,0.117272004
6144,0.5,0.0009801969
6145,0.5,0.0013390158
6146,0.5,0.66981184
6147,0.5,0.000996668
6148,0.5,0.008404299
6149,0.5,0.9746766
6150,0.5,0.009738679
6151,0.5,0.0006498004
6152,0.5,0.0064216587
6153,0.5,0.0008619775
6154,0.5,0.9122435
6155,0.5,0.0005214379
6156,0.5,0.0482603
6157,0.5,0.0077064983
6158,0.5,0.0007073767
6159,0.5,0.015341489
6160,0.5,0.0022849012
6161,0.5,0.03215584
6162,0.5,0.28762695
6163,0.5,0.013643065
6164,0.5,0.057360396
6165,0.5,0.52675855
6166,0.5,0.6707532
6167,0.5,0.43824458
6168,0.5,0.21549429
6169,0.5,0.004798067
6170,0.5,0.0041836444
6171,0.5,0.13118792
6172,0.5,0.027023768
6173,0.5,0.1546973
6174,0.5,0.0011765469
6175,0.5,0.00022521592
6176,0.5,0.012252638
6177,0.5,0.0021764755
6178,0.5,0.056213092
6179,0.5,0.00075136684
6180,0.5,0.005281299
6181,0.5,0.014051182
6182,0.5,0.025967885
6183,0.5,0.00046983155
6184,0.5,0.50560945
6185,0.5,0.31904078
6186,0.5,0.003220319
6187,0.5,0.0053163967
6188,0.5,0.082430206
6189,0.5,0.0043676603
6190,0.5,0.15214762
6191,0.5,0.001975633
6192,0.5,0.05042818
6193,0.5,0.03488668
6194,0.5,0.05027355
6195,0.5,0.8772731
6196,0.5,0.014352921
6197,0.5,0.007983828
6198,0.5,0.0572394
6199,0.5,0.98347765
6200,0.5,0.0018413644
6201,0.5,0.049264338
6202,0.5,0.0014551475
6203,0.5,0.0020688195
6204,0.5,0.12483847
6205,0.5,0.041891973
6206,0.5,0.0014678695
6207,0.5,0.005792879
6208,0.5,0.071052246
6209,0.5,0.96710914
6210,0.5,0.10513048
6211,0.5,0.002260331
6212,0.5,0.9928831
6213,0.5,0.0010418568
6214,0.5,0.0017786463
6215,0.5,0.06653058
6216,0.5,0.0012301438
6217,0.5,0.01127683
6218,0.5,0.049046695
6219,0.5,0.0018487613
6220,0.5,0.006038503
6221,0.5,0.04865678
6222,0.5,0.0019112983
6223,0.5,0.047780287
6224,0.5,0.43877843
6225,0.5,0.07707237
6226,0.5,0.021921681
6227,0.5,0.97853357
6228,0.5,0.0033407547
6229,0.5,0.004762576
6230,0.5,0.23505184
6231,0.5,0.04749835
6232,0.5,0.010524318
6233,0.5,0.011841883
6234,0.5,0.008267144
6235,0.5,0.0008969397
6236,0.5,0.009104848
6237,0.5,0.037066318
6238,0.5,0.043074798
6239,0.5,0.0025982624
6240,0.5,7.321266e-05
6241,0.5,0.37719625
6242,0.5,0.2784458
6243,0.5,0.82610124
6244,0.5,0.86657935
6245,0.5,0.031655047
6246,0.5,0.0005923175
6247,0.5,0.014994726
6248,0.5,0.008754069
6249,0.5,0.007691654
6250,0.5,0.0013883421
6251,0.5,0.0008999312
6252,0.5,0.005428143
6253,0.5,0.0021351369
6254,0.5,0.0006159378
6255,0.5,0.06617266
6256,0.5,0.01174713
6257,0.5,0.0001348326
6258,0.5,0.014533681
6259,0.5,0.16300125
6260,0.5,0.025371742
6261,0.5,0.0033737172
6262,0.5,0.19169247
6263,0.5,0.54318035
6264,0.5,0.0034108853
6265,0.5,0.0070098997
6266,0.5,0.0038451732
6267,0.5,0.03935019
6268,0.5,0.001955463
6269,0.5,0.0064295526
6270,0.5,0.002645758
6271,0.5,0.031211477
6272,0.5,0.43141973
6273,0.5,0.61241823
6274,0.5,0.008410118
6275,0.5,0.00032009618
6276,0.5,0.0015708767
6277,0.5,0.021839218
6278,0.5,0.00607849
6279,0.5,0.8801637
6280,0.5,0.0056396914
6281,0.5,0.82678103
6282,0.5,0.0031555493
6283,0.5,0.0026551802
6284,0.5,0.0007862565
6285,0.5,0.0010242235
6286,0.5,0.9198781
6287,0.5,0.44301492
6288,0.5,0.0042666416
6289,0.5,0.023532543
6290,0.5,0.19321598
6291,0.5,0.9224148
6292,0.5,0.99207026
6293,0.5,0.008047907
6294,0.5,0.91035867
6295,0.5,0.0032852492
6296,0.5,0.0016088708
6297,0.5,0.00920092
6298,0.5,0.021779967
6299,0.5,0.015795195
6300,0.5,0.5773001
6301,0.5,0.012271276
6302,0.5,0.003221818
6303,0.5,0.98700744
6304,0.5,0.002586114
6305,0.5,0.007799886
6306,0.5,0.008804736
6307,0.5,0.007117529
6308,0.5,0.7635052
6309,0.5,0.1424659
6310,0.5,0.095162176
6311,0.5,0.0130416
6312,0.5,0.00044368618
6313,0.5,0.09274205
6314,0.5,0.0024588455
6315,0.5,0.87557983
6316,0.5,0.4374332
6317,0.5,0.042697087
6318,0.5,0.05797129
6319,0.5,0.0009447046
6320,0.5,0.020753069
6321,0.5,0.001773926
6322,0.5,0.8855862
6323,0.5,0.013520054
6324,0.5,0.892432
6325,0.5,0.048208475
6326,0.5,0.411116
6327,0.5,0.5068402
6328,0.5,0.25128996
6329,0.5,0.02719621
6330,0.5,0.005295873
6331,0.5,0.013468833
6332,0.5,0.28828606
6333,0.5,0.046872325
6334,0.5,0.07824849
6335,0.5,0.109641634
6336,0.5,0.0014690211
6337,0.5,0.020634899
6338,0.5,0.0016385021
6339,0.5,0.00604862
6340,0.5,0.0027991948
6341,0.5,0.03701661
6342,0.5,0.0023840237
6343,0.5,0.4986657
6344,0.5,0.005936976
6345,0.5,0.010104972
6346,0.5,0.57787734
6347,0.5,0.05199052
6348,0.5,0.0027168002
6349,0.5,0.0068787364
6350,0.5,0.022008907
6351,0.5,0.0013545816
6352,0.5,0.0065262946
6353,0.5,0.00064064446
6354,0.5,0.02321789
6355,0.5,0.033829298
6356,0.5,0.0013453708
6357,0.5,0.07831395
6358,0.5,0.24078728
6359,0.5,0.1687975
6360,0.5,0.2681911
6361,0.5,0.030481627
6362,0.5,0.03014178
6363,0.5,0.0122197075
6364,0.5,0.002402148
6365,0.5,0.0026963197
6366,0.5,0.26673657
6367,0.5,0.00621236
6368,0.5,0.0605904
6369,0.5,0.002426457
6370,0.5,0.009380114
6371,0.5,0.8944923
6372,0.5,0.0021881058
6373,0.5,0.009297483
6374,0.5,0.19446403
6375,0.5,0.0028833393
6376,0.5,0.005731377
6377,0.5,0.008168401
6378,0.5,0.021593042
6379,0.5,0.0008733464
6380,0.5,0.013597376
6381,0.5,0.040342476
6382,0.5,0.32446507
6383,0.5,0.0057069734
6384,0.5,0.0018841506
6385,0.5,0.0072410717
6386,0.5,0.2108633
6387,0.5,0.04967677
6388,0.5,0.012814353
6389,0.5,0.99391276
6390,0.5,0.018441629
6391,0.5,0.014961985
6392,0.5,0.21332999
6393,0.5,0.99901605
6394,0.5,0.0062431227
6395,0.5,0.82205164
6396,0.5,0.73904365
6397,0.5,0.0015668634
6398,0.5,0.036161683
6399,0.5,0.324625
6400,0.5,0.49840787
6401,0.5,0.0013063318
6402,0.5,0.8852178
6403,0.5,0.006672388
6404,0.5,0.103828266
6405,0.5,0.01718605
6406,0.5,0.0039155637
6407,0.5,0.0014496779
6408,0.5,0.80183977
6409,0.5,0.9593265
6410,0.5,0.95963204
6411,0.5,0.0048012873
6412,0.5,0.0007329083
6413,0.5,0.0017210026
6414,0.5,0.004371876
6415,0.5,0.04024454
6416,0.5,0.1268811
6417,0.5,0.048780046
6418,0.5,0.048050236
6419,0.5,0.7085833
6420,0.5,0.00517872
6421,0.5,0.0015718979
6422,0.5,0.008900142
6423,0.5,0.000401531
6424,0.5,0.6947669
6425,0.5,0.00044780306
6426,0.5,0.0002998015
6427,0.5,0.008964982
6428,0.5,0.78816485
6429,0.5,0.0062675946
6430,0.5,0.00019298836
6431,0.5,0.022408586
6432,0.5,0.00035437048
6433,0.5,0.0026891897
6434,0.5,0.9827004
6435,0.5,0.9882101
6436,0.5,0.0007613516
6437,0.5,0.0055374014
6438,0.5,0.012792428
6439,0.5,0.014154763
6440,0.5,0.048790902
6441,0.5,0.0050850646
6442,0.5,0.08469422
6443,0.5,0.16558881
6444,0.5,0.6201715
6445,0.5,0.0081490455
6446,0.5,0.00083588954
6447,0.5,0.50551987
6448,0.5,0.97380847
6449,0.5,0.49077827
6450,0.5,0.008458999
6451,0.5,0.024490917
6452,0.5,0.21186858
6453,0.5,0.76164424
6454,0.5,0.026419483
6455,0.5,0.0010134856
6456,0.5,0.51745975
6457,0.5,0.006752645
6458,0.5,0.017764483
6459,0.5,0.82602346
6460,0.5,0.0024106852
6461,0.5,0.03525618
6462,0.5,0.01006166
6463,0.5,0.5691882
6464,0.5,0.061624378
6465,0.5,0.0022763396
6466,0.5,0.90421903
6467,0.5,0.003853829
6468,0.5,0.4065297
6469,0.5,0.0013841011
6470,0.5,0.80774075
6471,0.5,0.0020547817
6472,0.5,0.9671244
6473,0.5,0.90996146
6474,0.5,0.8896272
6475,0.5,0.10550607
6476,0.5,0.8726654
6477,0.5,0.03234345
6478,0.5,0.0022658815
6479,0.5,0.048936483
6480,0.5,0.0066222367
6481,0.5,0.94548845
6482,0.5,0.0027671286
6483,0.5,0.40238655
6484,0.5,0.001111285
6485,0.5,0.0018901917
6486,0.5,0.0006955446
6487,0.5,0.0003540944
6488,0.5,0.4675416
6489,0.5,0.0009780932
6490,0.5,0.0044379705
6491,0.5,0.003916635
6492,0.5,0.0055897343
6493,0.5,0.124506496
6494,0.5,0.009274233
6495,0.5,0.068153515
6496,0.5,0.090260595
6497,0.5,0.0049392297
6498,0.5,0.96912056
6499,0.5,0.047461677
6500,0.5,0.0045716893
6501,0.5,0.069957696
6502,0.5,0.0077489526
6503,0.5,0.01014982
6504,0.5,0.0013282165
6505,0.5,0.0037511506
6506,0.5,0.0015724038
6507,0.5,0.9563241
6508,0.5,0.0043553608
6509,0.5,0.00063888443
6510,0.5,0.0031384635
6511,0.5,0.07926138
6512,0.5,0.00023027213
6513,0.5,0.027484102
6514,0.5,0.0015155316
6515,0.5,0.48787576
6516,0.5,0.0028442333
6517,0.5,0.003280165
6518,0.5,0.048903413
6519,0.5,0.015988255
6520,0.5,0.0014886106
6521,0.5,0.16276124
6522,0.5,0.008186543
6523,0.5,0.50893754
6524,0.5,0.49427056
6525,0.5,0.023736736
6526,0.5,0.5147862
6527,0.5,0.040111933
6528,0.5,0.042506963
6529,0.5,0.037446637
6530,0.5,0.00075881684
6531,0.5,0.012445826
6532,0.5,0.00045528315
6533,0.5,0.124926284
6534,0.5,0.0013638643
6535,0.5,0.22683537
6536,0.5,0.016913177
6537,0.5,0.004268676
6538,0.5,0.0027768617
6539,0.5,0.003214155
6540,0.5,0.07033242
6541,0.5,0.004093243
6542,0.5,0.021828601
6543,0.5,0.0036456631
6544,0.5,0.9014955
6545,0.5,0.83035517
6546,0.5,0.016404033
6547,0.5,0.06116574
6548,0.5,0.31910264
6549,0.5,0.008087783
6550,0.5,0.009348044
6551,0.5,0.0062060724
6552,0.5,0.14421411
6553,0.5,0.036498286
6554,0.5,0.022336816
6555,0.5,0.0019723442
6556,0.5,0.03271367
6557,0.5,0.06427152
6558,0.5,0.80953497
6559,0.5,0.17610611
6560,0.5,0.0017725688
6561,0.5,0.009169055
6562,0.5,0.008680367
6563,0.5,0.012288938
6564,0.5,0.026351951
6565,0.5,0.95393425
6566,0.5,0.0025327057
6567,0.5,0.14970022
6568,0.5,0.009071328
6569,0.5,0.07055586
6570,0.5,0.005830326
6571,0.5,0.06642327
6572,0.5,0.0019054001
6573,0.5,0.0026808314
6574,0.5,0.018136805
6575,0.5,0.0019551606
6576,0.5,0.17264959
6577,0.5,0.0051749973
6578,0.5,0.014187084
6579,0.5,0.14787655
6580,0.5,0.020541172
6581,0.5,0.05768896
6582,0.5,0.05757219
6583,0.5,0.03471931
6584,0.5,0.086851135
6585,0.5,0.14486703
6586,0.5,0.9526278
6587,0.5,0.463252
6588,0.5,0.0016909031
6589,0.5,0.24286355
6590,0.5,0.0023807895
6591,0.5,0.0020844997
6592,0.5,0.7378081
6593,0.5,0.0031361356
6594,0.5,0.038745902
6595,0.5,0.0002534382
6596,0.5,0.8616245
6597,0.5,0.9740141
6598,0.5,0.08987681
6599,0.5,0.04820364
6600,0.5,0.0005913002
6601,0.5,0.00055227487
6602,0.5,0.004900932
6603,0.5,0.0016666926
6604,0.5,0.009643721
6605,0.5,0.041898284
6606,0.5,0.006676222
6607,0.5,0.0016376567
6608,0.5,0.057238705
6609,0.5,0.0327447
6610,0.5,0.00094669
6611,0.5,0.50448525
6612,0.5,0.033414464
6613,0.5,0.04257821
6614,0.5,0.0030456826
6615,0.5,0.0029827594
6616,0.5,0.058978483
6617,0.5,0.004461263
6618,0.5,0.001957341
6619,0.5,0.10796836
6620,0.5,0.012487088
6621,0.5,0.013484194
6622,0.5,0.0054265005
6623,0.5,0.1450341
6624,0.5,0.7460041
6625,0.5,0.001971478
6626,0.5,0.82204604
6627,0.5,0.012927973
6628,0.5,0.02406185
6629,0.5,0.0038782766
6630,0.5,0.024765259
6631,0.5,0.020333925
6632,0.5,0.1611771
6633,0.5,0.0042244727
6634,0.5,0.016872622
6635,0.5,0.6867263
6636,0.5,0.13502118
6637,0.5,0.007432519
6638,0.5,0.04862314
6639,0.5,0.02176347
6640,0.5,0.15378805
6641,0.5,0.0035553866
6642,0.5,0.0020603794
6643,0.5,0.033296596
6644,0.5,0.10027693
6645,0.5,0.0030062431
6646,0.5,0.04109089
6647,0.5,0.0077574123
6648,0.5,0.27533606
6649,0.5,0.004203611
6650,0.5,0.0021276867
6651,0.5,0.3064806
6652,0.5,0.9637872
6653,0.5,0.9553408
6654,0.5,0.34504312
6655,0.5,0.014910559
6656,0.5,0.08345346
6657,0.5,0.028225519
6658,0.5,0.004672464
6659,0.5,0.00046351884
6660,0.5,0.0008487602
6661,0.5,0.98300135
6662,0.5,0.0006542768
6663,0.5,0.95025826
6664,0.5,0.041151855
6665,0.5,0.0003774999
6666,0.5,0.0016649606
6667,0.5,0.497986
6668,0.5,0.98320216
6669,0.5,0.015245743
6670,0.5,0.013760997
6671,0.5,0.023979824
6672,0.5,0.4385551
6673,0.5,0.098320395
6674,0.5,0.41733006
6675,0.5,0.00050792913
6676,0.5,0.09677521
6677,0.5,0.9883215
6678,0.5,0.32632542
6679,0.5,0.3066459
6680,0.5,0.8752568
6681,0.5,0.005878493
6682,0.5,0.98625493
6683,0.5,0.014757455
6684,0.5,0.43008497
6685,0.5,0.003604459
6686,0.5,0.026793655
6687,0.5,0.044558268
6688,0.5,0.3022328
6689,0.5,0.13136104
6690,0.5,0.13628443
6691,0.5,0.0038105715
6692,0.5,0.035529852
6693,0.5,0.0034373687
6694,0.5,0.40986344
6695,0.5,0.6787407
6696,0.5,0.7975114
6697,0.5,0.96844995
6698,0.5,0.022262048
6699,0.5,0.06868691
6700,0.5,0.0005971455
6701,0.5,0.00025990602
6702,0.5,0.022920005
6703,0.5,0.00042260694
6704,0.5,0.0039301603
6705,0.5,0.0042662835
6706,0.5,0.059449617
6707,0.5,0.0005951407
6708,0.5,0.01728773
6709,0.5,0.06538315
6710,0.5,0.044366933
6711,0.5,0.006207943
6712,0.5,0.10168749
6713,0.5,0.9787026
6714,0.5,0.047046784
6715,0.5,0.023082865
6716,0.5,0.9979873
6717,0.5,0.22314939
6718,0.5,0.7013699
6719,0.5,0.022569638
6720,0.5,0.27764627
6721,0.5,0.6123064
6722,0.5,0.05028664
6723,0.5,0.019407785
6724,0.5,0.16984648
6725,0.5,0.92803586
6726,0.5,0.017234731
6727,0.5,0.0016223745
6728,0.5,0.53465503
6729,0.5,0.88880235
6730,0.5,0.58648074
6731,0.5,0.0011381084
6732,0.5,0.00040049484
6733,0.5,0.0038914813
6734,0.5,0.48231137
6735,0.5,0.0006757601
6736,0.5,0.014242463
6737,0.5,0.0028307617
6738,0.5,0.6683034
6739,0.5,0.033141635
6740,0.5,0.0022677009
6741,0.5,0.9808723
6742,0.5,0.007245018
6743,0.5,0.0020157401
6744,0.5,0.0013537426
6745,0.5,0.0024163097
6746,0.5,0.0011027702
6747,0.5,0.053464144
6748,0.5,0.10734295
6749,0.5,0.057128362
6750,0.5,0.0016111925
6751,0.5,0.00051979785
6752,0.5,0.07426021
6753,0.5,0.00037437334
6754,0.5,0.06597092
6755,0.5,0.0073815836
6756,0.5,0.99013406
6757,0.5,0.62287396
6758,0.5,0.72014517
6759,0.5,0.002781269
6760,0.5,0.06744687
6761,0.5,0.015893819
6762,0.5,0.014980949
6763,0.5,0.38610604
6764,0.5,0.94876015
6765,0.5,0.0014280941
6766,0.5,0.97763205
6767,0.5,0.61404485
6768,0.5,0.0023067433
6769,0.5,0.112121694
6770,0.5,0.017387522
6771,0.5,0.0015776686
6772,0.5,0.015089471
6773,0.5,0.35730317
6774,0.5,0.014694449
6775,0.5,0.00089012197
6776,0.5,0.020712499
6777,0.5,0.9814045
6778,0.5,0.00034650342
6779,0.5,0.0052956743
6780,0.5,0.017805632
6781,0.5,0.0709606
6782,0.5,0.012535992
6783,0.5,0.11298412
6784,0.5,0.15085535
6785,0.5,0.00046291586
6786,0.5,0.0029974624
6787,0.5,0.0017152978
6788,0.5,0.0616773
6789,0.5,0.004610093
6790,0.5,0.002516908
6791,0.5,0.0044675632
6792,0.5,0.0055543217
6793,0.5,0.36385083
6794,0.5,0.9691761
6795,0.5,0.24102846
6796,0.5,0.0029783398
6797,0.5,0.04328353
6798,0.5,0.8518661
6799,0.5,0.8781345
6800,0.5,0.5576008
6801,0.5,0.009847871
6802,0.5,0.011144959
6803,0.5,0.32294318
6804,0.5,0.008574043
6805,0.5,0.0035197353
6806,0.5,0.0072276434
6807,0.5,0.032545168
6808,0.5,0.85826707
6809,0.5,0.80173063
6810,0.5,0.020711923
6811,0.5,0.017827068
6812,0.5,0.0009570865
6813,0.5,0.76337165
6814,0.5,0.058658753
6815,0.5,0.8946334
6816,0.5,0.021501768
6817,0.5,0.9763846
6818,0.5,0.6223797
6819,0.5,0.0123663135
6820,0.5,0.07479231
6821,0.5,0.004365363
6822,0.5,0.038721815
6823,0.5,0.8845963
6824,0.5,0.17524387
6825,0.5,0.0018505695
6826,0.5,0.0049144053
6827,0.5,0.21606943
6828,0.5,0.00016007196
6829,0.5,0.04306613
6830,0.5,0.0070921723
6831,0.5,0.037335712
6832,0.5,0.81757975
6833,0.5,0.027282925
6834,0.5,0.008917458
6835,0.5,0.039545156
6836,0.5,0.0109139085
6837,0.5,0.0063764276
6838,0.5,0.34130427
6839,0.5,0.00065613736
6840,0.5,0.108337164
6841,0.5,0.004926995
6842,0.5,0.04765002
6843,0.5,0.76431453
6844,0.5,0.105009824
6845,0.5,0.0718097
6846,0.5,0.00018597273
6847,0.5,0.024488585
6848,0.5,0.0783933
6849,0.5,0.0006328838
6850,0.5,0.016364073
6851,0.5,0.029108899
6852,0.5,0.007085876
6853,0.5,0.022465827
6854,0.5,0.11360386
6855,0.5,0.0025799114
6856,0.5,0.011196139
6857,0.5,0.32532066
6858,0.5,0.06525337
6859,0.5,0.3839482
6860,0.5,0.0005141143
6861,0.5,0.015911438
6862,0.5,0.33944914
6863,0.5,0.041492566
6864,0.5,0.0025435186
6865,0.5,0.29951513
6866,0.5,0.026854953
6867,0.5,0.07389049
6868,0.5,0.47609985
6869,0.5,0.8221663
6870,0.5,0.002680931
6871,0.5,0.86497426
6872,0.5,0.00013869682
6873,0.5,0.06054228
6874,0.5,0.016225142
6875,0.5,0.016362853
6876,0.5,0.15168759
6877,0.5,0.0036716384
6878,0.5,0.00026349042
6879,0.5,0.96419275
6880,0.5,0.006043376
6881,0.5,0.6168896
6882,0.5,0.8032991
6883,0.5,0.0028726591
6884,0.5,0.020185748
6885,0.5,0.022398084
6886,0.5,0.010660202
6887,0.5,0.9982425
6888,0.5,0.004417852
6889,0.5,0.01544097
6890,0.5,0.16402625
6891,0.5,0.007931595
6892,0.5,0.0061205095
6893,0.5,0.1152664
6894,0.5,0.91127014
6895,0.5,0.9131703
6896,0.5,0.006492722
6897,0.5,0.2154288
6898,0.5,0.02123315
6899,0.5,0.11321476
6900,0.5,0.008685288
6901,0.5,0.9499817
6902,0.5,0.006892307
6903,0.5,0.99941313
6904,0.5,0.008777677
6905,0.5,0.6150044
6906,0.5,0.0066166027
6907,0.5,0.63986695
6908,0.5,0.18206589
6909,0.5,0.0020109105
6910,0.5,0.96175194
6911,0.5,0.009545085
6912,0.5,0.0008858863
6913,0.5,0.003514563
6914,0.5,0.061253358
6915,0.5,0.11032705
6916,0.5,0.47235185
6917,0.5,0.0043152166
6918,0.5,0.085887216
6919,0.5,0.0020462847
6920,0.5,0.0069431965
6921,0.5,0.28634307
6922,0.5,0.9996971
6923,0.5,0.9960907
6924,0.5,0.0016612286
6925,0.5,0.4313917
6926,0.5,0.000726572
6927,0.5,0.003086744
6928,0.5,0.46994033
6929,0.5,0.31521267
6930,0.5,0.9623803
6931,0.5,0.0014693919
6932,0.5,0.93414676
6933,0.5,0.618034
6934,0.5,0.06189262
6935,0.5,0.53216785
6936,0.5,0.00060604134
6937,0.5,0.0016786747
6938,0.5,0.034141205
6939,0.5,0.4152887
6940,0.5,0.2374207
6941,0.5,0.000757154
6942,0.5,0.015453655
6943,0.5,0.0027919395
6944,0.5,0.04145618
6945,0.5,0.98657984
6946,0.5,0.06721299
6947,0.5,0.99810505
6948,0.5,0.00026650305
6949,0.5,0.028308354
6950,0.5,0.0065678633
6951,0.5,0.010058193
6952,0.5,0.00015569736
6953,0.5,0.022852559
6954,0.5,0.99756145
6955,0.5,0.003012929
6956,0.5,0.13034552
6957,0.5,0.07033264
6958,0.5,0.9482679
6959,0.5,0.9135297
6960,0.5,0.06375546
6961,0.5,0.0007117647
6962,0.5,0.041023325
6963,0.5,0.18978179
6964,0.5,0.020478634
6965,0.5,0.13430907
6966,0.5,0.027912566
6967,0.5,0.009371548
6968,0.5,0.001162798
6969,0.5,0.0027767415
6970,0.5,0.8635203
6971,0.5,0.21496214
6972,0.5,0.04866218
6973,0.5,0.286042
6974,0.5,0.117972605
6975,0.5,0.035183113
6976,0.5,0.0020095138
6977,0.5,0.0008468485
6978,0.5,0.083448865
6979,0.5,0.011836327
6980,0.5,0.003431896
6981,0.5,0.018555515
6982,0.5,0.0722501
6983,0.5,0.0073581627
6984,0.5,0.9835856
6985,0.5,0.0031197327
6986,0.5,0.8644919
6987,0.5,0.0014818747
6988,0.5,0.007989514
6989,0.5,0.0022533285
6990,0.5,0.5687007
6991,0.5,0.002729936
6992,0.5,0.0022742145
6993,0.5,0.010215591
6994,0.5,0.93027234
6995,0.5,0.0031565183
6996,0.5,0.0027976457
6997,0.5,0.022242287
6998,0.5,0.035288073
6999,0.5,0.0011759324
7000,0.5,0.0024286613
7001,0.5,0.96668655
7002,0.5,0.08258311
7003,0.5,0.012834951
7004,0.5,0.99875855
7005,0.5,0.9849534
7006,0.5,0.087886564
7007,0.5,0.010451358
7008,0.5,0.0067733875
7009,0.5,0.22589944
7010,0.5,0.011610526
7011,0.5,0.12458987
7012,0.5,0.0005870507
7013,0.5,0.003388113
7014,0.5,0.0011590808
7015,0.5,0.0015521803
7016,0.5,0.0033410804
7017,0.5,0.3417054
7018,0.5,0.046439942
7019,0.5,0.04085305
7020,0.5,0.11377898
7021,0.5,0.9936832
7022,0.5,0.9105744
7023,0.5,0.000734632
7024,0.5,0.013431091
7025,0.5,0.78598964
7026,0.5,0.01522968
7027,0.5,0.016640013
7028,0.5,0.012103099
7029,0.5,0.0010249912
7030,0.5,0.0014974936
7031,0.5,0.06718134
7032,0.5,0.013006103
7033,0.5,0.007152477
7034,0.5,0.00403117
7035,0.5,0.00020422672
7036,0.5,0.006126497
7037,0.5,0.63748163
7038,0.5,0.027585434
7039,0.5,0.031238299
7040,0.5,0.0024201171
7041,0.5,0.025819167
7042,0.5,0.0066164234
7043,0.5,0.011223035
7044,0.5,0.011036353
7045,0.5,0.009171312
7046,0.5,0.85405505
7047,0.5,0.03202975
7048,0.5,0.0017825399
7049,0.5,0.81418735
7050,0.5,0.002473237
7051,0.5,0.017665735
7052,0.5,0.0040009827
7053,0.5,0.99865216
7054,0.5,0.0027509388
7055,0.5,0.96124583
7056,0.5,0.0074083386
7057,0.5,0.123382434
7058,0.5,0.011543368
7059,0.5,0.06621443
7060,0.5,0.0076183397
7061,0.5,0.12504196
7062,0.5,0.98278296
7063,0.5,0.006404953
7064,0.5,0.0008691147
7065,0.5,0.0008723542
7066,0.5,0.91285074
7067,0.5,0.019025626
7068,0.5,0.45229176
7069,0.5,0.01594276
7070,0.5,0.23130798
7071,0.5,0.93021697
7072,0.5,0.024195302
7073,0.5,0.0027147026
7074,0.5,0.01672915
7075,0.5,0.06523191
7076,0.5,0.023386797
7077,0.5,0.006118717
7078,0.5,0.0005449065
7079,0.5,0.07170814
7080,0.5,0.048350133
7081,0.5,0.010617245
7082,0.5,0.0019686532
7083,0.5,0.0049523264
7084,0.5,0.0005022549
7085,0.5,0.047929812
7086,0.5,0.044152655
7087,0.5,0.014644363
7088,0.5,0.040723037
7089,0.5,0.087481946
7090,0.5,0.0019857613
7091,0.5,0.6222829
7092,0.5,0.0107245995
7093,0.5,0.0329754
7094,0.5,0.031101787
7095,0.5,0.10334149
7096,0.5,0.3634998
7097,0.5,0.03377037
7098,0.5,0.1839686
7099,0.5,0.0068821083
7100,0.5,0.09755091
7101,0.5,0.015503808
7102,0.5,0.021658773
7103,0.5,0.005927573
7104,0.5,0.05614185
7105,0.5,0.0030164146
7106,0.5,0.13742867
7107,0.5,0.014769864
7108,0.5,0.002774871
7109,0.5,0.0022538805
7110,0.5,0.008727285
7111,0.5,0.041791253
7112,0.5,0.00246362
7113,0.5,0.85650885
7114,0.5,0.0006614648
7115,0.5,0.04272433
7116,0.5,0.050206754
7117,0.5,0.0018274811
7118,0.5,0.00570499
7119,0.5,0.951961
7120,0.5,0.15255947
7121,0.5,0.025518479
7122,0.5,0.39426604
7123,0.5,0.99680734
7124,0.5,0.032244362
7125,0.5,0.011153028
7126,0.5,0.0363933
7127,0.5,0.0073031685
7128,0.5,0.9254845
7129,0.5,0.43168962
7130,0.5,0.001528684
7131,0.5,0.0011848147
7132,0.5,0.026581254
7133,0.5,0.2947874
7134,0.5,0.00019077225
7135,0.5,0.0007927635
7136,0.5,0.0045622946
7137,0.5,0.023322208
7138,0.5,0.80448073
7139,0.5,0.0053516407
7140,0.5,0.002861738
7141,0.5,0.05556793
7142,0.5,0.098712415
7143,0.5,0.008601776
7144,0.5,0.1933486
7145,0.5,0.97687703
7146,0.5,0.017181007
7147,0.5,0.040402006
7148,0.5,0.98961663
7149,0.5,0.97628605
7150,0.5,0.03447574
7151,0.5,0.013052386
7152,0.5,0.7439283
7153,0.5,0.0054811616
7154,0.5,0.019616567
7155,0.5,0.020234568
7156,0.5,0.023511663
7157,0.5,0.0013082344
7158,0.5,0.020939821
7159,0.5,0.8201217
7160,0.5,0.045306295
7161,0.5,0.014549876
7162,0.5,0.38021109
7163,0.5,0.009092733
7164,0.5,0.009555621
7165,0.5,0.029418344
7166,0.5,0.047232285
7167,0.5,0.00077926065
7168,0.5,0.04439288
7169,0.5,0.022350663
7170,0.5,0.01186608
7171,0.5,0.010711348
7172,0.5,0.029364225
7173,0.5,0.10304369
7174,0.5,0.009199338
7175,0.5,0.77960986
7176,0.5,0.059441682
7177,0.5,0.057476405
7178,0.5,0.014635392
7179,0.5,0.0055325064
7180,0.5,0.1951586
7181,0.5,0.006213909
7182,0.5,0.026464153
7183,0.5,0.33122453
7184,0.5,0.021238366
7185,0.5,0.000764551
7186,0.5,0.0037310892
7187,0.5,0.9956346
7188,0.5,0.002443646
7189,0.5,0.0045383438
7190,0.5,0.012142576
7191,0.5,0.16509132
7192,0.5,0.0052643567
7193,0.5,0.008174066
7194,0.5,0.9974982
7195,0.5,0.35686535
7196,0.5,0.008093091
7197,0.5,0.013770377
7198,0.5,0.9480935
7199,0.5,0.09481722
7200,0.5,0.0036196057
7201,0.5,0.0021539407
7202,0.5,0.21627666
7203,0.5,0.23139006
7204,0.5,0.009886271
7205,0.5,0.008138485
7206,0.5,0.036395013
7207,0.5,0.002745509
7208,0.5,0.016094573
7209,0.5,0.0037791168
7210,0.5,0.0017688685
7211,0.5,0.23270597
7212,0.5,0.00327137
7213,0.5,0.6500467
7214,0.5,0.5770525
7215,0.5,0.115844555
7216,0.5,0.0045471066
7217,0.5,0.016476905
7218,0.5,0.16058758
7219,0.5,0.3915272
7220,0.5,0.23513229
7221,0.5,0.9204458
7222,0.5,0.0037299765
7223,0.5,0.0013636994
7224,0.5,0.3600507
7225,0.5,0.0026887576
7226,0.5,0.0007049862
7227,0.5,0.30409205
7228,0.5,0.0032038447
7229,0.5,0.0021196262
7230,0.5,0.0019121396
7231,0.5,0.14885464
7232,0.5,0.013544217
7233,0.5,0.16466148
7234,0.5,0.0009798668
7235,0.5,0.0008217503
7236,0.5,0.03966326
7237,0.5,0.008814891
7238,0.5,0.65322924
7239,0.5,0.12128438
7240,0.5,0.009797217
7241,0.5,0.011348204
7242,0.5,0.011447041
7243,0.5,0.51862305
7244,0.5,0.0122440895
7245,0.5,0.07255773
7246,0.5,0.0016982291
7247,0.5,0.8492594
7248,0.5,0.0015375358
7249,0.5,0.023350412
7250,0.5,0.05745147
7251,0.5,0.3834507
7252,0.5,0.018379271
7253,0.5,0.0005231961
7254,0.5,0.015880154
7255,0.5,0.21828353
7256,0.5,0.14610709
7257,0.5,0.0027112414
7258,0.5,0.8653123
7259,0.5,0.014230471
7260,0.5,0.013580898
7261,0.5,0.009574793
7262,0.5,0.013329945
7263,0.5,0.93706167
7264,0.5,0.00134733
7265,0.5,0.9536755
7266,0.5,0.7513183
7267,0.5,0.15209378
7268,0.5,0.0012473791
7269,0.5,0.6079279
7270,0.5,0.060967308
7271,0.5,0.02183903
7272,0.5,0.027115932
7273,0.5,0.07376039
7274,0.5,0.20116921
7275,0.5,0.4503819
7276,0.5,0.012790392
7277,0.5,0.0030641071
7278,0.5,0.00025545247
7279,0.5,0.0005818939
7280,0.5,0.615633
7281,0.5,0.5603191
7282,0.5,0.005152222
7283,0.5,0.025805725
7284,0.5,0.75735503
7285,0.5,0.123715565
7286,0.5,0.0015418057
7287,0.5,0.04496167
7288,0.5,0.97390294
7289,0.5,0.24602725
7290,0.5,0.0042497357
7291,0.5,0.0055188024
7292,0.5,0.0042275186
7293,0.5,0.026675316
7294,0.5,0.19215629
7295,0.5,0.0067090183
7296,0.5,0.037338
7297,0.5,0.07071087
7298,0.5,0.008261946
7299,0.5,0.26612082
7300,0.5,0.108225256
7301,0.5,0.9163006
7302,0.5,0.005931941
7303,0.5,0.005391293
7304,0.5,0.005709119
7305,0.5,0.89216554
7306,0.5,0.0037049307
7307,0.5,0.8959414
7308,0.5,0.013888339
7309,0.5,0.8196183
7310,0.5,0.9994149
7311,0.5,0.41734922
7312,0.5,0.008114747
7313,0.5,0.006783311
7314,0.5,0.00061477773
7315,0.5,0.003912794
7316,0.5,0.0019591965
7317,0.5,0.009565789
7318,0.5,0.96739167
7319,0.5,0.0010740315
7320,0.5,0.11693895
7321,0.5,0.26486388
7322,0.5,0.35078096
7323,0.5,0.1108124
7324,0.5,0.0077976617
7325,0.5,0.9545966
7326,0.5,0.07677987
7327,0.5,0.1173393
7328,0.5,0.9979752
7329,0.5,0.024869103
7330,0.5,0.99447846
7331,0.5,0.0063330587
7332,0.5,0.0005829289
7333,0.5,0.022401968
7334,0.5,0.0070277867
7335,0.5,0.045893535
7336,0.5,0.004833785
7337,0.5,0.029919906
7338,0.5,0.007515804
7339,0.5,0.11980144
7340,0.5,0.5239647
7341,0.5,0.8842812
7342,0.5,0.0019191863
7343,0.5,0.5028196
7344,0.5,0.09806231
7345,0.5,0.021173937
7346,0.5,0.0012810401
7347,0.5,0.008531471
7348,0.5,0.8030113
7349,0.5,0.0120112095
7350,0.5,0.2699046
7351,0.5,0.015831692
7352,0.5,0.031198401
7353,0.5,0.013061057
7354,0.5,0.0021209305
7355,0.5,0.0025869037
7356,0.5,0.0025631336
7357,0.5,0.9996111
7358,0.5,0.00051763817
7359,0.5,0.0010328414
7360,0.5,0.00045330325
7361,0.5,0.06460178
7362,0.5,0.17188552
7363,0.5,0.0021037012
7364,0.5,0.018428182
7365,0.5,0.016716786
7366,0.5,0.011937284
7367,0.5,0.006491639
7368,0.5,0.009809289
7369,0.5,0.9878422
7370,0.5,0.31770203
7371,0.5,0.039908893
7372,0.5,0.9986304
7373,0.5,0.0003648124
7374,0.5,0.004407878
7375,0.5,0.025919806
7376,0.5,0.0061915345
7377,0.5,0.11996965
7378,0.5,0.07336967
7379,0.5,0.0031019978
7380,0.5,0.6298939
7381,0.5,0.05132814
7382,0.5,0.079257585
7383,0.5,0.0033776122
7384,0.5,0.0014836985
7385,0.5,0.0035204429
7386,0.5,0.002260545
7387,0.5,0.05491484
7388,0.5,0.09532314
7389,0.5,0.020721918
7390,0.5,0.00218126
7391,0.5,0.00963778
7392,0.5,0.12698829
7393,0.5,0.027680188
7394,0.5,0.09375446
7395,0.5,0.008212571
7396,0.5,0.088759914
7397,0.5,0.10672369
7398,0.5,0.0015382752
7399,0.5,0.4113939
7400,0.5,0.909011
7401,0.5,0.09984158
7402,0.5,0.0034230927
7403,0.5,0.013701536
7404,0.5,0.81449896
7405,0.5,0.0012297549
7406,0.5,0.055018846
7407,0.5,0.010465045
7408,0.5,0.17513205
7409,0.5,0.09292138
7410,0.5,0.04178733
7411,0.5,0.59190434
7412,0.5,0.0026672322
7413,0.5,0.0011128475
7414,0.5,0.7357627
7415,0.5,0.0052831126
7416,0.5,0.5625331
7417,0.5,0.006305339
7418,0.5,0.0058880253
7419,0.5,0.00073195697
7420,0.5,0.0026501957
7421,0.5,0.01282896
7422,0.5,0.0028667904
7423,0.5,0.013415255
7424,0.5,0.09273867
7425,0.5,0.0017858834
7426,0.5,0.9273827
7427,0.5,0.065413274
7428,0.5,0.16174957
7429,0.5,0.13078319
7430,0.5,0.08662516
7431,0.5,0.005090577
7432,0.5,0.03271342
7433,0.5,0.039276037
7434,0.5,0.37950158
7435,0.5,0.0022925013
7436,0.5,0.010190766
7437,0.5,0.04070026
7438,0.5,0.014364366
7439,0.5,0.048653856
7440,0.5,0.9516953
7441,0.5,0.0081456015
7442,0.5,0.0082307095
7443,0.5,0.020364206
7444,0.5,0.9383309
7445,0.5,0.9799876
7446,0.5,0.0036774362
7447,0.5,0.024922455
7448,0.5,0.0008623698
7449,0.5,0.0054212096
7450,0.5,0.0012849272
7451,0.5,0.14551221
7452,0.5,0.010071338
7453,0.5,0.7325405
7454,0.5,0.19902013
7455,0.5,0.00065581786
7456,0.5,0.016877616
7457,0.5,0.019279597
7458,0.5,0.010806815
7459,0.5,0.15327533
7460,0.5,0.01697735
7461,0.5,0.012346749
7462,0.5,0.051263347
7463,0.5,0.017882481
7464,0.5,0.00092596526
7465,0.5,0.23709546
7466,0.5,0.00521547
7467,0.5,0.0013557366
7468,0.5,0.1406532
7469,0.5,0.0009789333
7470,0.5,0.0035052167
7471,0.5,0.01793846
7472,0.5,0.9342771
7473,0.5,0.8523657
7474,0.5,0.0073691458
7475,0.5,0.7658369
7476,0.5,0.04509765
7477,0.5,0.25458407
7478,0.5,0.98500186
7479,0.5,0.0023855849
7480,0.5,0.019232662
7481,0.5,0.0018857564
7482,0.5,0.015218243
7483,0.5,0.0027098712
7484,0.5,0.0070458446
7485,0.5,0.839162
7486,0.5,0.35078084
7487,0.5,0.3378299
7488,0.5,0.008565208
7489,0.5,0.8693417
7490,0.5,0.0051770303
7491,0.5,0.0033553694
7492,0.5,0.2034954
7493,0.5,0.015369916
7494,0.5,0.020824837
7495,0.5,0.105530396
7496,0.5,0.015693475
7497,0.5,0.40937564
7498,0.5,0.00036172484
7499,0.5,0.0052318685
7500,0.5,0.0026899062
7501,0.5,0.31100753
7502,0.5,0.0016275536
7503,0.5,0.01262577
7504,0.5,0.0055675483
7505,0.5,0.97005415
7506,0.5,0.05465248
7507,0.5,0.010340632
7508,0.5,0.0070600603
7509,0.5,0.0027299982
7510,0.5,0.0003519613
7511,0.5,0.0078005805
7512,0.5,0.012072937
7513,0.5,0.001993403
7514,0.5,0.0037438497
7515,0.5,0.10919814
7516,0.5,0.0023042655
7517,0.5,0.018268349
7518,0.5,0.0023887178
7519,0.5,0.003753962
7520,0.5,0.0037827522
7521,0.5,0.020693565
7522,0.5,0.0018519176
7523,0.5,0.0022273487
7524,0.5,0.5427162
7525,0.5,0.17995156
7526,0.5,0.0061766678
7527,0.5,0.10024267
7528,0.5,0.023297288
7529,0.5,0.0037518828
7530,0.5,0.0022106753
7531,0.5,0.094317645
7532,0.5,0.31310087
7533,0.5,0.35430264
7534,0.5,0.9908434
7535,0.5,0.091356665
7536,0.5,0.000477207
7537,0.5,0.0033328559
7538,0.5,0.96679604
7539,0.5,0.0011456939
7540,0.5,0.13706483
7541,0.5,0.039561104
7542,0.5,0.02585096
7543,0.5,0.40307808
7544,0.5,0.00920102
7545,0.5,0.1288202
7546,0.5,0.002107631
7547,0.5,0.023659712
7548,0.5,0.5504335
7549,0.5,0.0034712066
7550,0.5,0.13025096
7551,0.5,0.00070371584
7552,0.5,0.03282785
7553,0.5,0.7613408
7554,0.5,0.12156715
7555,0.5,0.9961682
7556,0.5,0.0008926066
7557,0.5,0.605293
7558,0.5,0.97191614
7559,0.5,0.009928002
7560,0.5,0.002967248
7561,0.5,0.42783806
7562,0.5,0.024284434
7563,0.5,0.917473
7564,0.5,0.022938246
7565,0.5,0.03705376
7566,0.5,0.19309942
7567,0.5,0.2854837
7568,0.5,0.004418359
7569,0.5,0.01260707
7570,0.5,0.0085817445
7571,0.5,0.0021952165
7572,0.5,0.99782395
7573,0.5,0.0034939493
7574,0.5,0.0006778328
7575,0.5,0.04366963
7576,0.5,0.008484164
7577,0.5,0.6327803
7578,0.5,0.6688722
7579,0.5,0.0020204105
7580,0.5,0.0012650297
7581,0.5,0.0007326964
7582,0.5,0.010057248
7583,0.5,0.036053713
7584,0.5,0.04864888
7585,0.5,0.9941043
7586,0.5,0.01277971
7587,0.5,0.06368688
7588,0.5,0.06036315
7589,0.5,0.0011802674
7590,0.5,0.014768754
7591,0.5,0.079664
7592,0.5,0.8689699
7593,0.5,0.0021222986
7594,0.5,0.00027835483
7595,0.5,0.0057479297
7596,0.5,0.00505792
7597,0.5,0.011166337
7598,0.5,0.104315616
7599,0.5,0.051554214
7600,0.5,0.0051295077
7601,0.5,0.02268459
7602,0.5,0.0041840533
7603,0.5,0.14410111
7604,0.5,0.0019329727
7605,0.5,0.0055149095
7606,0.5,0.12684698
7607,0.5,0.002170651
7608,0.5,0.98446715
7609,0.5,0.064873554
7610,0.5,0.9465912
7611,0.5,0.06980743
7612,0.5,0.00524119
7613,0.5,0.0021614754
7614,0.5,0.743387
7615,0.5,0.76786375
7616,0.5,0.011599111
7617,0.5,0.122766756
7618,0.5,0.96456385
7619,0.5,0.0006776658
7620,0.5,0.0048175007
7621,0.5,0.08437793
7622,0.5,0.007922744
7623,0.5,0.009067356
7624,0.5,0.0008292248
7625,0.5,0.0014352116
7626,0.5,0.030687582
7627,0.5,0.1977406
7628,0.5,0.000113714705
7629,0.5,0.5812645
7630,0.5,0.0045178616
7631,0.5,0.08366931
7632,0.5,0.97346455
7633,0.5,0.050190262
7634,0.5,0.86028934
7635,0.5,0.088608526
7636,0.5,0.0047479095
7637,0.5,0.61116076
7638,0.5,0.8284711
7639,0.5,0.0015624773
7640,0.5,0.13680595
7641,0.5,0.0702353
7642,0.5,0.020711213
7643,0.5,0.9702583
7644,0.5,0.0012096576
7645,0.5,0.017581932
7646,0.5,0.012983751
7647,0.5,0.93693376
7648,0.5,0.0010818683
7649,0.5,0.026691755
7650,0.5,0.0007508916
7651,0.5,0.1382447
7652,0.5,0.0030680746
7653,0.5,0.8993531
7654,0.5,0.005376718
7655,0.5,0.08144569
7656,0.5,0.11964372
7657,0.5,0.12646127
7658,0.5,0.0033233943
7659,0.5,0.004423134
7660,0.5,0.0004716237
7661,0.5,0.022598673
7662,0.5,0.010648291
7663,0.5,0.021917941
7664,0.5,0.00779875
7665,0.5,0.003755485
7666,0.5,0.0022032012
7667,0.5,0.025708253
7668,0.5,0.032601986
7669,0.5,0.011406772
7670,0.5,0.105776615
7671,0.5,0.71162194
7672,0.5,0.0067256894
7673,0.5,0.016742757
7674,0.5,0.0022528546
7675,0.5,0.96594995
7676,0.5,0.0030179052
7677,0.5,0.010085421
7678,0.5,0.93274784
7679,0.5,0.0029688326
7680,0.5,0.0007499022
7681,0.5,0.004943464
7682,0.5,0.08391128
7683,0.5,0.18358856
7684,0.5,0.015736371
7685,0.5,0.011450058
7686,0.5,0.6066051
7687,0.5,0.16731644
7688,0.5,0.001661276
7689,0.5,0.0008784763
7690,0.5,0.90654683
7691,0.5,0.0061247866
7692,0.5,0.65547407
7693,0.5,0.14560337
7694,0.5,0.0019389311
7695,0.5,0.04022373
7696,0.5,0.000610606
7697,0.5,0.034156784
7698,0.5,0.0007766178
7699,0.5,0.009455524
7700,0.5,0.00083864876
7701,0.5,0.002138485
7702,0.5,0.0034300229
7703,0.5,0.016920885
7704,0.5,0.1622111
7705,0.5,0.103845365
7706,0.5,0.04476667
7707,0.5,0.028750528
7708,0.5,0.006012925
7709,0.5,0.01095769
7710,0.5,0.00057239895
7711,0.5,0.12975904
7712,0.5,0.18590108
7713,0.5,0.45332447
7714,0.5,0.21756937
7715,0.5,0.0036168157
7716,0.5,0.44245422
7717,0.5,0.00073046715
7718,0.5,0.89678466
7719,0.5,0.15636815
7720,0.5,0.005148816
7721,0.5,0.0027885137
7722,0.5,0.0023640324
7723,0.5,0.98168564
7724,0.5,0.008170248
7725,0.5,0.23964992
7726,0.5,0.0025770124
7727,0.5,0.20133379
7728,0.5,0.75957763
7729,0.5,0.58941835
7730,0.5,0.0031498112
7731,0.5,0.0070294635
7732,0.5,0.26788932
7733,0.5,0.39099208
7734,0.5,0.075801104
7735,0.5,0.8640931
7736,0.5,0.7476803
7737,0.5,0.053125158
7738,0.5,0.0455007
7739,0.5,0.95913017
7740,0.5,0.00370924
7741,0.5,0.0053494405
7742,0.5,0.9334052
7743,0.5,0.96940964
7744,0.5,0.0037281287
7745,0.5,0.00218987
7746,0.5,0.81028503
7747,0.5,0.05100236
7748,0.5,0.17707229
7749,0.5,0.0032084452
7750,0.5,0.00095181586
7751,0.5,0.0035550604
7752,0.5,0.0095823975
7753,0.5,0.19679603
7754,0.5,0.25593263
7755,0.5,0.75256693
7756,0.5,0.031677447
7757,0.5,0.064482935
7758,0.5,0.004145273
7759,0.5,0.06382195
7760,0.5,0.017800288
7761,0.5,0.44873935
7762,0.5,0.016214596
7763,0.5,0.03501949
7764,0.5,0.820046
7765,0.5,0.015017188
7766,0.5,0.0047699697
7767,0.5,0.0007664202
7768,0.5,0.004797965
7769,0.5,0.0012754835
7770,0.5,0.69195783
7771,0.5,0.50287956
7772,0.5,0.34005255
7773,0.5,0.00958739
7774,0.5,0.03408499
7775,0.5,0.026341988
7776,0.5,0.99967265
7777,0.5,0.5799794
7778,0.5,0.0030962906
7779,0.5,0.002773945
7780,0.5,0.0017123161
7781,0.5,0.001084886
7782,0.5,0.006116236
7783,0.5,0.013249977
7784,0.5,0.26237732
7785,0.5,0.0052328785
7786,0.5,0.6261141
7787,0.5,0.29697576
7788,0.5,0.032495707
7789,0.5,0.4019638
7790,0.5,0.067434676
7791,0.5,0.25799575
7792,0.5,0.005236253
7793,0.5,0.007040995
7794,0.5,0.044283837
7795,0.5,0.0843887
7796,0.5,0.4848088
7797,0.5,0.005010907
7798,0.5,0.120013535
7799,0.5,0.005524765
7800,0.5,0.6795324
7801,0.5,0.029289491
7802,0.5,0.01430405
7803,0.5,0.030303696
7804,0.5,0.00426618
7805,0.5,0.99931467
7806,0.5,0.9988746
7807,0.5,0.5872863
7808,0.5,0.0012992796
7809,0.5,0.03188741
7810,0.5,0.79268587
7811,0.5,0.0065285303
7812,0.5,0.04686309
7813,0.5,0.0022129705
7814,0.5,0.013524035
7815,0.5,0.7953427
7816,0.5,0.000109430715
7817,0.5,0.1135494
7818,0.5,0.00090815005
7819,0.5,0.006186593
7820,0.5,0.994044
7821,0.5,0.5516518
7822,0.5,0.017781673
7823,0.5,0.011765423
7824,0.5,0.0011935505
7825,0.5,0.1958765
7826,0.5,0.060121283
7827,0.5,0.002110232
7828,0.5,0.17566377
7829,0.5,0.0016719437
7830,0.5,0.012152275
7831,0.5,0.2685305
7832,0.5,0.13335486
7833,0.5,0.07858971
7834,0.5,0.51391506
7835,0.5,0.70220405
7836,0.5,0.0037969477
7837,0.5,0.010544846
7838,0.5,0.4068232
7839,0.5,0.47153613
7840,0.5,0.058482487
7841,0.5,0.0018193793
7842,0.5,0.98612636
7843,0.5,0.0017846684
7844,0.5,0.021651277
7845,0.5,0.89514375
7846,0.5,0.39136025
7847,0.5,0.2552257
7848,0.5,0.34080926
7849,0.5,0.0058747465
7850,0.5,0.49581307
7851,0.5,0.774079
7852,0.5,0.9851264
7853,0.5,0.0022469438
7854,0.5,0.012669459
7855,0.5,0.32384402
7856,0.5,0.011722334
7857,0.5,0.97507715
7858,0.5,0.0040187566
7859,0.5,0.19477695
7860,0.5,0.00089854485
7861,0.5,0.0066928063
7862,0.5,0.018954389
7863,0.5,0.042210665
7864,0.5,0.0073873713
7865,0.5,0.02206995
7866,0.5,0.016029771
7867,0.5,0.9922236
7868,0.5,0.0010051285
7869,0.5,0.00062288024
7870,0.5,0.8920037
7871,0.5,0.01866945
7872,0.5,0.8614639
7873,0.5,0.15156192
7874,0.5,0.025876176
7875,0.5,0.0023122435
7876,0.5,0.0072147218
7877,0.5,0.017641068
7878,0.5,0.494987
7879,0.5,0.80495846
7880,0.5,0.030487891
7881,0.5,0.45431468
7882,0.5,0.016481487
7883,0.5,0.0036761032
7884,0.5,0.00046228286
7885,0.5,0.005474945
7886,0.5,0.62717617
7887,0.5,0.0028546862
7888,0.5,0.0020346707
7889,0.5,0.01826955
7890,0.5,0.0069640656
7891,0.5,0.5615142
7892,0.5,0.33026507
7893,0.5,0.012032855
7894,0.5,0.024108317
7895,0.5,0.0039639906
7896,0.5,0.023618981
7897,0.5,0.0116043715
7898,0.5,0.013669623
7899,0.5,0.081402816
7900,0.5,0.28551653
7901,0.5,0.03992131
7902,0.5,0.00054697285
7903,0.5,0.31291217
7904,0.5,0.009537082
7905,0.5,0.0007169737
7906,0.5,0.011358132
7907,0.5,0.02693501
7908,0.5,0.9730085
7909,0.5,0.05899257
7910,0.5,0.047265783
7911,0.5,0.3496365
7912,0.5,0.022716673
7913,0.5,0.022383926
7914,0.5,0.0012553039
7915,0.5,0.97976375
7916,0.5,0.00140727
7917,0.5,0.9829894
7918,0.5,0.002185124
7919,0.5,0.9804551
7920,0.5,0.03437381
7921,0.5,0.00137136
7922,0.5,0.5023143
7923,0.5,0.9069871
7924,0.5,0.28060445
7925,0.5,0.028525984
7926,0.5,0.28264526
7927,0.5,0.61209655
7928,0.5,0.0012064265
7929,0.5,0.15516758
7930,0.5,0.042327974
7931,0.5,0.3945884
7932,0.5,0.0017657501
7933,0.5,0.00034245205
7934,0.5,0.10176843
7935,0.5,0.0084554
7936,0.5,0.77725494
7937,0.5,0.9700969
7938,0.5,0.021419108
7939,0.5,0.059528638
7940,0.5,0.0011557896
7941,0.5,0.03379498
7942,0.5,0.007018685
7943,0.5,0.07369623
7944,0.5,0.08116052
7945,0.5,0.030134553
7946,0.5,0.01264764
7947,0.5,0.0007793724
7948,0.5,0.044869028
7949,0.5,0.0032019904
7950,0.5,0.00022868234
7951,0.5,0.00058172643
7952,0.5,0.014320693
7953,0.5,0.67296374
7954,0.5,0.009513451
7955,0.5,0.52690566
7956,0.5,0.6017084
7957,0.5,0.016842822
7958,0.5,0.6999739
7959,0.5,0.0014724398
7960,0.5,0.6367693
7961,0.5,0.022587206
7962,0.5,0.02994493
7963,0.5,0.002962454
7964,0.5,0.25592983
7965,0.5,0.9952213
7966,0.5,0.0122350035
7967,0.5,0.3560743
7968,0.5,0.99676645
7969,0.5,0.004302653
7970,0.5,0.024338046
7971,0.5,0.024263868
7972,0.5,0.002614281
7973,0.5,0.0067726276
7974,0.5,0.99105144
7975,0.5,0.066109836
7976,0.5,0.54056907
7977,0.5,0.95070046
7978,0.5,0.9702241
7979,0.5,0.9034568
7980,0.5,0.035202187
7981,0.5,0.09737621
7982,0.5,0.655776
7983,0.5,0.00082071224
7984,0.5,0.053976096
7985,0.5,0.011680452
7986,0.5,0.0023880976
7987,0.5,0.0018754061
7988,0.5,0.26180458
7989,0.5,0.063840225
7990,0.5,0.0013827889
7991,0.5,0.15638435
7992,0.5,0.15924023
7993,0.5,0.024399038
7994,0.5,0.011124389
7995,0.5,7.311345e-05
7996,0.5,0.9752398
7997,0.5,0.13876691
7998,0.5,0.010623087
7999,0.5,0.003070901
8000,0.5,0.010602414
8001,0.5,0.0006194043
8002,0.5,0.020889973
8003,0.5,0.010188885
8004,0.5,0.40586454
8005,0.5,0.009607841
8006,0.5,0.007945011
8007,0.5,0.020786745
8008,0.5,0.057979874
8009,0.5,0.0023965416
8010,0.5,0.9993722
8011,0.5,0.030684205
8012,0.5,0.85323906
8013,0.5,0.21927126
8014,0.5,0.00381215
8015,0.5,0.008443499
8016,0.5,0.036759377
8017,0.5,0.020484235
8018,0.5,0.00584889
8019,0.5,0.028992742
8020,0.5,0.7205896
8021,0.5,0.8709947
8022,0.5,0.00093871064
8023,0.5,0.0020157432
8024,0.5,0.0056476705
8025,0.5,0.0037832772
8026,0.5,0.028383108
8027,0.5,0.18551378
8028,0.5,0.6590699
8029,0.5,0.021650717
8030,0.5,0.0014404826
8031,0.5,0.0026534558
8032,0.5,0.0027386867
8033,0.5,0.0015183896
8034,0.5,0.050848376
8035,0.5,0.96810037
8036,0.5,0.313717
8037,0.5,0.00094291463
8038,0.5,0.96839565
8039,0.5,0.0017202039
8040,0.5,0.07528852
8041,0.5,0.013730421
8042,0.5,0.029628428
8043,0.5,0.5866721
8044,0.5,0.85274017
8045,0.5,0.060028967
8046,0.5,0.0059736185
8047,0.5,0.7933156
8048,0.5,0.05138889
8049,0.5,0.015684793
8050,0.5,0.00034881785
8051,0.5,0.0033988855
8052,0.5,0.009447087
8053,0.5,0.012063914
8054,0.5,0.049541276
8055,0.5,0.020271182
8056,0.5,0.00050791487
8057,0.5,0.01955104
8058,0.5,0.00034221594
8059,0.5,0.045786865
8060,0.5,0.0052450304
8061,0.5,0.0014999547
8062,0.5,0.0037386636
8063,0.5,0.007882634
8064,0.5,0.004999461
8065,0.5,0.0127594825
8066,0.5,0.007256616
8067,0.5,0.0007087529
8068,0.5,0.010682151
8069,0.5,0.005387508
8070,0.5,0.9490925
8071,0.5,0.0050799237
8072,0.5,0.11027717
8073,0.5,0.0031010718
8074,0.5,0.0056433077
8075,0.5,0.09926065
8076,0.5,0.9455827
8077,0.5,0.008189591
8078,0.5,0.00086291926
8079,0.5,0.99611366
8080,0.5,0.018582376
8081,0.5,0.07673157
8082,0.5,0.032679215
8083,0.5,0.05151895
8084,0.5,0.13308026
8085,0.5,0.0078049805
8086,0.5,0.38194203
8087,0.5,0.8338511
8088,0.5,0.0074457116
8089,0.5,0.01760524
8090,0.5,0.014893892
8091,0.5,0.037603967
8092,0.5,0.0084967725
8093,0.5,0.0011716584
8094,0.5,0.04081117
8095,0.5,0.003127376
8096,0.5,0.0030153552
8097,0.5,0.0013197353
8098,0.5,0.059423372
8099,0.5,0.15623187
8100,0.5,0.017669052
8101,0.5,0.112980165
8102,0.5,0.00261672
8103,0.5,0.9166938
8104,0.5,0.0006917821
8105,0.5,0.022978745
8106,0.5,0.02784728
8107,0.5,0.94682956
8108,0.5,0.23310834
8109,0.5,0.30394226
8110,0.5,0.028256204
8111,0.5,0.05572932
8112,0.5,0.068268806
8113,0.5,0.0054481584
8114,0.5,0.84392554
8115,0.5,0.003071187
8116,0.5,0.73634493
8117,0.5,0.0011207311
8118,0.5,0.0018976579
8119,0.5,0.0099232225
8120,0.5,0.47235143
8121,0.5,0.018385727
8122,0.5,0.0065423544
8123,0.5,0.98134834
8124,0.5,0.79401875
8125,0.5,0.0070743444
8126,0.5,0.0012971306
8127,0.5,0.036218874
8128,0.5,0.0030027195
8129,0.5,0.0245517
8130,0.5,0.027369805
8131,0.5,0.008005016
8132,0.5,3.590171e-05
8133,0.5,0.04846292
8134,0.5,0.0016236015
8135,0.5,0.00031921608
8136,0.5,0.9739949
8137,0.5,0.30159953
8138,0.5,0.98597264
8139,0.5,0.0029782152
8140,0.5,0.0058500273
8141,0.5,0.0035609046
8142,0.5,0.05740577
8143,0.5,0.14196669
8144,0.5,0.011527324
8145,0.5,0.95371777
8146,0.5,0.9912339
8147,0.5,0.8589486
8148,0.5,0.8737406
8149,0.5,0.106617615
8150,0.5,0.0028587868
8151,0.5,0.015321635
8152,0.5,0.83958083
8153,0.5,0.015099998
8154,0.5,0.019959042
8155,0.5,0.049612325
8156,0.5,0.0059526544
8157,0.5,0.0047047115
8158,0.5,0.73720616
8159,0.5,0.00080259016
8160,0.5,0.014968986
8161,0.5,0.08018579
8162,0.5,0.002814918
8163,0.5,0.00030279235
8164,0.5,0.8436413
8165,0.5,0.0040638684
8166,0.5,0.032381836
8167,0.5,0.19838786
8168,0.5,0.0037403707
8169,0.5,0.0076697026
8170,0.5,0.8966311
8171,0.5,0.16879362
8172,0.5,0.8699929
8173,0.5,0.0072274106
8174,0.5,0.37114733
8175,0.5,0.9013978
8176,0.5,0.34120876
8177,0.5,0.9678449
8178,0.5,0.012045628
8179,0.5,0.86092997
8180,0.5,0.055530455
8181,0.5,0.10531435
8182,0.5,0.03317623
8183,0.5,0.9763891
8184,0.5,0.00028414547
8185,0.5,0.06603297
8186,0.5,0.13110667
8187,0.5,0.06001787
8188,0.5,0.8133181
8189,0.5,0.9875345
8190,0.5,0.018274533
8191,0.5,0.08582586
8192,0.5,0.8840843
8193,0.5,0.0076605547
8194,0.5,0.060835272
8195,0.5,0.002639419
8196,0.5,0.05147112
8197,0.5,0.8809725
8198,0.5,0.02208337
8199,0.5,0.65255684
8200,0.5,0.008235642
8201,0.5,0.004400004
8202,0.5,0.008137469
8203,0.5,0.979408
8204,0.5,0.12607634
8205,0.5,0.0020188908
8206,0.5,0.0047596134
8207,0.5,0.023115678
8208,0.5,0.005839147
8209,0.5,0.06431295
8210,0.5,0.00019241583
8211,0.5,0.0032992691
8212,0.5,0.4346844
8213,0.5,0.8998283
8214,0.5,0.0033786574
8215,0.5,0.007107756
8216,0.5,0.007430201
8217,0.5,0.018537063
8218,0.5,0.037904598
8219,0.5,0.006970245
8220,0.5,0.87947226
8221,0.5,0.46518084
8222,0.5,0.36934233
8223,0.5,0.0015282503
8224,0.5,0.015924353
8225,0.5,0.40679207
8226,0.5,0.0066846963
8227,0.5,0.4004905
8228,0.5,0.0031283116
8229,0.5,0.030994795
8230,0.5,0.1944129
8231,0.5,0.0057637347
8232,0.5,0.022977648
8233,0.5,0.006008851
8234,0.5,0.29756176
8235,0.5,0.020132009
8236,0.5,0.0043267007
8237,0.5,0.0033539457
8238,0.5,0.01112141
8239,0.5,0.10997897
8240,0.5,0.00077479717
8241,0.5,0.0008336266
8242,0.5,0.06961237
8243,0.5,0.32040456
8244,0.5,0.009711878
8245,0.5,0.03253953
8246,0.5,0.49056354
8247,0.5,0.02421954
8248,0.5,0.04965986
8249,0.5,0.28582022
8250,0.5,0.09914524
8251,0.5,0.038027287
8252,0.5,0.9293235
8253,0.5,0.77108294
8254,0.5,0.15087888
8255,0.5,0.139116
8256,0.5,0.7667254
8257,0.5,0.01676049
8258,0.5,0.014598745
8259,0.5,0.13625737
8260,0.5,0.0030690623
8261,0.5,0.003209046
8262,0.5,0.0072963513
8263,0.5,0.2850252
8264,0.5,0.14798029
8265,0.5,0.008261778
8266,0.5,0.06795836
8267,0.5,0.94331086
8268,0.5,0.9825606
8269,0.5,0.07970822
8270,0.5,0.0965504
8271,0.5,0.0063138055
8272,0.5,0.5957067
8273,0.5,0.00092266133
8274,0.5,0.01822984
8275,0.5,0.91372633
8276,0.5,0.0006954077
8277,0.5,0.013705795
8278,0.5,0.032506786
8279,0.5,0.9720187
8280,0.5,0.013846318
8281,0.5,0.0008375443
8282,0.5,0.0016476584
8283,0.5,0.83203465
8284,0.5,0.103114
8285,0.5,0.58028835
8286,0.5,0.08443916
8287,0.5,0.0030810283
8288,0.5,0.0016259815
8289,0.5,0.482744
8290,0.5,0.014392478
8291,0.5,0.035654098
8292,0.5,0.01938694
8293,0.5,0.51409775
8294,0.5,0.0040727886
8295,0.5,0.84265894
8296,0.5,0.0043877326
8297,0.5,0.047795627
8298,0.5,0.037499644
8299,0.5,0.013346278
8300,0.5,0.03797952
8301,0.5,0.0032598053
8302,0.5,0.030265493
8303,0.5,0.18891652
8304,0.5,0.7020756
8305,0.5,0.17381757
8306,0.5,0.20513703
8307,0.5,0.00044755684
8308,0.5,0.015940659
8309,0.5,0.0036394726
8310,0.5,0.9891676
8311,0.5,0.1291875
8312,0.5,0.96988577
8313,0.5,0.016461736
8314,0.5,0.01818085
8315,0.5,0.8668175
8316,0.5,0.5185293
8317,0.5,0.49141642
8318,0.5,0.002690616
8319,0.5,0.021734182
8320,0.5,0.81255484
8321,0.5,0.00018901036
8322,0.5,0.833804
8323,0.5,0.013780283
8324,0.5,0.0069789905
8325,0.5,0.0069244974
8326,0.5,0.08558658
8327,0.5,0.0017583374
8328,0.5,0.082224004
8329,0.5,0.004756545
8330,0.5,0.24268924
8331,0.5,0.010147252
8332,0.5,0.0086064255
8333,0.5,0.38414788
8334,0.5,0.00087606185
8335,0.5,0.20342009
8336,0.5,0.0008773228
8337,0.5,0.18705648
8338,0.5,0.32822183
8339,0.5,0.0074869846
8340,0.5,0.12166549
8341,0.5,0.99983144
8342,0.5,0.8819962
8343,0.5,0.0052792877
8344,0.5,0.005186528
8345,0.5,0.007288036
8346,0.5,0.531406
8347,0.5,0.10852695
8348,0.5,0.09920672
8349,0.5,0.8684816
8350,0.5,0.30878744
8351,0.5,0.014906861
8352,0.5,0.0014970425
8353,0.5,0.06737705
8354,0.5,0.186927
8355,0.5,0.50635755
8356,0.5,0.012278977
8357,0.5,0.043505397
8358,0.5,0.87197536
8359,0.5,0.18066455
8360,0.5,0.0047347015
8361,0.5,8.7523695e-05
8362,0.5,0.9141196
8363,0.5,0.0011943835
8364,0.5,0.007998388
8365,0.5,0.002074456
8366,0.5,0.0033046943
8367,0.5,0.06687465
8368,0.5,0.05415127
8369,0.5,0.9589643
8370,0.5,0.0852771
8371,0.5,0.10203116
8372,0.5,0.0024115385
8373,0.5,0.078073725
8374,0.5,0.0007232257
8375,0.5,0.012245751
8376,0.5,0.029028257
8377,0.5,0.0024197798
8378,0.5,0.043788947
8379,0.5,0.042459548
8380,0.5,0.007555664
8381,0.5,0.0053336015
8382,0.5,0.25797018
8383,0.5,0.0008454972
8384,0.5,0.6335387
8385,0.5,0.031909443
8386,0.5,0.078747354
8387,0.5,0.019356836
8388,0.5,0.022877276
8389,0.5,0.011266398
8390,0.5,0.14818077
8391,0.5,0.0060978974
8392,0.5,0.0037187538
8393,0.5,0.94085103
8394,0.5,0.95934415
8395,0.5,0.00029130868
8396,0.5,0.00590193
8397,0.5,0.0021788317
8398,0.5,0.48750252
8399,0.5,0.011635028
8400,0.5,0.0021062363
8401,0.5,0.0019977936
8402,0.5,0.00066548376
8403,0.5,0.0007167899
8404,0.5,0.00032994663
8405,0.5,0.4793986
8406,0.5,0.0007936883
8407,0.5,0.007284928
8408,0.5,0.9277171
8409,0.5,0.009152768
8410,0.5,0.0104194
8411,0.5,0.7837932
8412,0.5,0.0011281805
8413,0.5,0.116551645
8414,0.5,0.0029529063
8415,0.5,0.0026016692
8416,0.5,0.005986941
8417,0.5,0.052577395
8418,0.5,0.019356705
8419,0.5,0.47627205
8420,0.5,0.00921115
8421,0.5,0.03231578
8422,0.5,0.011458293
8423,0.5,0.798541
8424,0.5,0.0017056875
8425,0.5,0.99012285
8426,0.5,0.11925011
8427,0.5,0.0094882315
8428,0.5,0.004993731
8429,0.5,0.013063215
8430,0.5,0.17643331
8431,0.5,0.0017270951
8432,0.5,0.01185436
8433,0.5,0.1103011
8434,0.5,0.9698197
8435,0.5,0.0075576166
8436,0.5,0.039745603
8437,0.5,0.07796405
8438,0.5,0.035700195
8439,0.5,0.0024356097
8440,0.5,0.12885289
8441,0.5,0.854464
8442,0.5,0.002065308
8443,0.5,0.8821648
8444,0.5,0.42191887
8445,0.5,0.6685017
8446,0.5,0.6794944
8447,0.5,0.08760364
8448,0.5,0.28618386
8449,0.5,0.05820772
8450,0.5,0.00032558604
8451,0.5,0.010160944
8452,0.5,0.067831315
8453,0.5,0.00055340095
8454,0.5,0.012560826
8455,0.5,0.001441183
8456,0.5,0.016424403
8457,0.5,0.027246503
8458,0.5,0.002675481
8459,0.5,0.002728503
8460,0.5,0.010035888
8461,0.5,0.035325874
8462,0.5,0.064763814
8463,0.5,0.9631502
8464,0.5,0.88824934
8465,0.5,0.00026615008
8466,0.5,0.3620945
8467,0.5,0.0061091236
8468,0.5,0.026271084
8469,0.5,0.0030525418
8470,0.5,0.010051932
8471,0.5,0.059738867
8472,0.5,0.39419773
8473,0.5,0.029758055
8474,0.5,0.2667699
8475,0.5,0.128453
8476,0.5,0.83182776
8477,0.5,0.0006465002
8478,0.5,0.021772157
8479,0.5,0.013824113
8480,0.5,0.00366425
8481,0.5,0.007213175
8482,0.5,0.045082793
8483,0.5,0.0008087449
8484,0.5,0.06337241
8485,0.5,0.015162061
8486,0.5,0.1494983
8487,0.5,0.0013746329
8488,0.5,0.9606744
8489,0.5,0.043742284
8490,0.5,0.09237564
8491,0.5,0.4377919
8492,0.5,0.056187093
8493,0.5,0.120538324
8494,0.5,0.20514065
8495,0.5,0.01749579
8496,0.5,0.59520125
8497,0.5,0.13833703
8498,0.5,0.12714949
8499,0.5,0.0052568386
8500,0.5,0.0014410486
8501,0.5,0.014519775
8502,0.5,0.8905383
8503,0.5,0.040824182
8504,0.5,0.9963006
8505,0.5,0.7619319
8506,0.5,0.003423519
8507,0.5,0.09536629
8508,0.5,0.057475764
8509,0.5,0.0023609754
8510,0.5,0.484857
8511,0.5,0.0017619586
8512,0.5,0.02558638
8513,0.5,0.3313221
8514,0.5,0.4320206
8515,0.5,0.89544946
8516,0.5,0.0092601925
8517,0.5,0.016431075
8518,0.5,0.9848237
8519,0.5,0.6925943
8520,0.5,0.00051225984
8521,0.5,0.1273015
8522,0.5,0.0015111602
8523,0.5,0.013555428
8524,0.5,0.91660994
8525,0.5,0.13014954
8526,0.5,0.0022228116
8527,0.5,0.6214275
8528,0.5,0.026863502
8529,0.5,0.0030507501
8530,0.5,0.008080492
8531,0.5,0.0077778525
8532,0.5,0.008557631
8533,0.5,0.008935957
8534,0.5,0.0024241703
8535,0.5,0.08777019
8536,0.5,0.026213666
8537,0.5,0.84169734
8538,0.5,0.90509295
8539,0.5,0.11363704
8540,0.5,0.5803053
8541,0.5,0.019764742
8542,0.5,0.0030622769
8543,0.5,0.3477246
8544,0.5,0.020981288
8545,0.5,0.02206726
8546,0.5,0.03783594
8547,0.5,0.07175669
8548,0.5,0.015536303
8549,0.5,0.10530132
8550,0.5,0.30354628
8551,0.5,0.029195005
8552,0.5,0.014122115
8553,0.5,0.0015485429
8554,0.5,0.14237882
8555,0.5,0.0015474469
8556,0.5,0.33507693
8557,0.5,0.12380038
8558,0.5,0.29083756
8559,0.5,0.0016369178
8560,0.5,0.011971128
8561,0.5,0.47533652
8562,0.5,0.15590014
8563,0.5,0.0034480172
8564,0.5,0.01668227
8565,0.5,0.16820157
8566,0.5,0.0023601726
8567,0.5,0.37665856
8568,0.5,0.026677452
8569,0.5,0.0012772128
8570,0.5,0.016204659
8571,0.5,0.0012815868
8572,0.5,0.95614946
8573,0.5,0.0018849766
8574,0.5,0.0021570444
8575,0.5,0.15114462
8576,0.5,0.84670407
8577,0.5,0.003253979
8578,0.5,0.6616219
8579,0.5,0.6823593
8580,0.5,0.24402496
8581,0.5,0.011635922
8582,0.5,0.0010855187
8583,0.5,0.013758661
8584,0.5,0.0050645014
8585,0.5,0.99757665
8586,0.5,0.008685965
8587,0.5,0.37093934
8588,0.5,0.01779642
8589,0.5,0.11712054
8590,0.5,0.005245777
8591,0.5,0.038155034
8592,0.5,0.25089172
8593,0.5,0.0008450908
8594,0.5,0.0021173197
8595,0.5,0.41993734
8596,0.5,0.7041629
8597,0.5,0.47273666
8598,0.5,0.12152311
8599,0.5,0.0043800217
8600,0.5,0.005452304
8601,0.5,0.0028529437
8602,0.5,0.24074131
8603,0.5,0.97620547
8604,0.5,0.030769946
8605,0.5,0.0044812486
8606,0.5,0.02229122
8607,0.5,0.0014680009
8608,0.5,0.59200335
8609,0.5,0.0017929844
8610,0.5,0.9821165
8611,0.5,0.0013444832
8612,0.5,0.011704824
8613,0.5,0.0032611196
8614,0.5,0.5044645
8615,0.5,0.003987321
8616,0.5,0.7290433
8617,0.5,0.002927464
8618,0.5,0.99812716
8619,0.5,0.00968904
8620,0.5,0.88374853
8621,0.5,0.12974286
8622,0.5,0.0014264855
8623,0.5,0.000875353
8624,0.5,0.005508921
8625,0.5,0.23209588
8626,0.5,0.17731972
8627,0.5,0.00032547273
8628,0.5,0.72176486
8629,0.5,0.00092607684
8630,0.5,0.09376954
8631,0.5,0.25731218
8632,0.5,0.004840579
8633,0.5,0.026975794
8634,0.5,0.721484
8635,0.5,0.003101768
8636,0.5,0.00047731397
8637,0.5,0.02439448
8638,0.5,0.007922598
8639,0.5,0.006940574
8640,0.5,0.00037600094
8641,0.5,0.014319232
8642,0.5,0.013673572
8643,0.5,0.042950433
8644,0.5,0.97137344
8645,0.5,0.71932435
8646,0.5,0.00083559455
8647,0.5,0.072315566
8648,0.5,0.0027479252
8649,0.5,0.0018896376
8650,0.5,0.0012930915
8651,0.5,0.0016697269
8652,0.5,0.008615373
8653,0.5,0.017087584
8654,0.5,0.053632896
8655,0.5,0.8680145
8656,0.5,0.016089093
8657,0.5,0.03620121
8658,0.5,0.0969726
8659,0.5,0.0015370813
8660,0.5,0.18006454
8661,0.5,0.0022159521
8662,0.5,0.0011719062
8663,0.5,0.018266557
8664,0.5,0.0036610863
8665,0.5,0.001088808
8666,0.5,0.0007144327
8667,0.5,0.96972364
8668,0.5,0.4516455
8669,0.5,0.0019564973
8670,0.5,0.06757706
8671,0.5,0.81934386
8672,0.5,0.8751816
8673,0.5,0.007388155
8674,0.5,0.8971089
8675,0.5,0.5901492
8676,0.5,0.7720029
8677,0.5,0.002566841
8678,0.5,0.00843529
8679,0.5,0.8496777
8680,0.5,0.04892602
8681,0.5,0.042875838
8682,0.5,0.003568189
8683,0.5,0.0023795406
8684,0.5,0.012498318
8685,0.5,0.011966097
8686,0.5,0.8749894
8687,0.5,0.9611385
8688,0.5,0.47681054
8689,0.5,0.0005054867
8690,0.5,0.96462214
8691,0.5,0.84770167
8692,0.5,0.93963104
8693,0.5,0.107478686
8694,0.5,0.634725
8695,0.5,0.0035344649
8696,0.5,0.002694045
8697,0.5,0.008830553
8698,0.5,0.007428925
8699,0.5,0.022898091
8700,0.5,0.03840255
8701,0.5,0.002450756
8702,0.5,0.029854033
8703,0.5,0.0007360104
8704,0.5,0.003849336
8705,0.5,0.0024683927
8706,0.5,0.6146416
8707,0.5,0.08332548
8708,0.5,0.911988
8709,0.5,0.025438348
8710,0.5,0.14431284
8711,0.5,0.00952133
8712,0.5,0.9024032
8713,0.5,0.3944224
8714,0.5,0.0011158973
8715,0.5,0.010544587
8716,0.5,9.686837e-05
8717,0.5,0.63642246
8718,0.5,0.0036422284
8719,0.5,0.02176579
8720,0.5,0.96140724
8721,0.5,0.0063640866
8722,0.5,0.9991122
8723,0.5,0.16678876
8724,0.5,0.0038043659
8725,0.5,0.064654775
8726,0.5,0.001238776
8727,0.5,0.022567712
8728,0.5,0.038867302
8729,0.5,0.0005912131
8730,0.5,0.7330062
8731,0.5,0.041369908
8732,0.5,0.061666854
8733,0.5,0.0011531069
8734,0.5,0.031633597
8735,0.5,0.00093298435
8736,0.5,0.541598
8737,0.5,0.3810848
8738,0.5,0.0005591628
8739,0.5,0.5052107
8740,0.5,0.016699636
8741,0.5,0.99944645
8742,0.5,0.13823454
8743,0.5,0.02678346
8744,0.5,0.16714555
8745,0.5,0.0051085865
8746,0.5,0.6167914
8747,0.5,0.095331796
8748,0.5,0.031447418
8749,0.5,0.784948
8750,0.5,0.08451992
8751,0.5,0.10340029
8752,0.5,0.008535537
8753,0.5,0.1689101
8754,0.5,0.2648755
8755,0.5,0.05547832
8756,0.5,0.0023188011
8757,0.5,0.0016672934
8758,0.5,0.17110287
8759,0.5,0.64674723
8760,0.5,0.84927386
8761,0.5,0.008537297
8762,0.5,0.0003403341
8763,0.5,0.004435622
8764,0.5,0.84646887
8765,0.5,0.022884578
8766,0.5,0.023465695
8767,0.5,0.006390661
8768,0.5,0.71438533
8769,0.5,0.09516248
8770,0.5,0.0036667734
8771,0.5,0.92299575
8772,0.5,0.009258368
8773,0.5,0.0027774135
8774,0.5,0.2141782
8775,0.5,0.025686806
8776,0.5,0.9274872
8777,0.5,0.024806527
8778,0.5,0.9054771
8779,0.5,0.023016255
8780,0.5,0.004426974
8781,0.5,0.0011187494
8782,0.5,0.0022399556
8783,0.5,0.98069704
8784,0.5,0.00078620744
8785,0.5,0.0032248348
8786,0.5,0.0034491182
8787,0.5,0.0021704528
8788,0.5,0.010829006
8789,0.5,0.002844581
8790,0.5,0.010251713
8791,0.5,0.0057006073
8792,0.5,0.047377612
8793,0.5,0.0018475659
8794,0.5,0.007698965
8795,0.5,0.1041656
8796,0.5,0.00907462
8797,0.5,0.021877492
8798,0.5,0.0026400152
8799,0.5,0.12879081
8800,0.5,0.0031175506
8801,0.5,0.35911584
8802,0.5,0.9803817
8803,0.5,0.0063452413
8804,0.5,0.041822705
8805,0.5,0.10345059
8806,0.5,0.011346839
8807,0.5,0.005002292
8808,0.5,0.9455316
8809,0.5,0.85843027
8810,0.5,0.014199473
8811,0.5,0.00767086
8812,0.5,0.96251225
8813,0.5,0.65315235
8814,0.5,0.005812
8815,0.5,0.008274086
8816,0.5,0.0009817928
8817,0.5,0.9900857
8818,0.5,0.9907278
8819,0.5,0.12287417
8820,0.5,0.48968622
8821,0.5,0.0018713226
8822,0.5,0.0027195015
8823,0.5,0.042021077
8824,0.5,0.6318817
8825,0.5,0.0064236
8826,0.5,0.11562485
8827,0.5,0.0018184468
8828,0.5,0.31992212
8829,0.5,0.40293255
8830,0.5,0.07462136
8831,0.5,0.014041793
8832,0.5,0.44416186
8833,0.5,0.0040379376
8834,0.5,0.0013122944
8835,0.5,0.005605532
8836,0.5,0.003136046
8837,0.5,0.049924556
8838,0.5,0.0014981049
8839,0.5,0.271964
8840,0.5,0.0011971969
8841,0.5,0.022991087
8842,0.5,0.014291523
8843,0.5,0.062466186
8844,0.5,0.33813193
8845,0.5,0.9973693
8846,0.5,0.0030805247
8847,0.5,0.58828
8848,0.5,0.0064931586
8849,0.5,0.48954168
8850,0.5,0.0013198145
8851,0.5,0.010259127
8852,0.5,0.0048796646
8853,0.5,0.12006662
8854,0.5,0.1738844
8855,0.5,0.035293892
8856,0.5,0.038169745
8857,0.5,0.0007051297
8858,0.5,0.0014512665
8859,0.5,0.018619964
8860,0.5,0.038737323
8861,0.5,0.028630733
8862,0.5,0.07850051
8863,0.5,0.0023581176
8864,0.5,0.5008734
8865,0.5,0.5016754
8866,0.5,0.0012841877
8867,0.5,0.0028555184
8868,0.5,0.039064184
8869,0.5,0.015765069
8870,0.5,0.0054222406
8871,0.5,0.5238367
8872,0.5,0.034349144
8873,0.5,9.439095e-05
8874,0.5,0.39074174
8875,0.5,0.0027666602
8876,0.5,0.0026963982
8877,0.5,0.06182026
8878,0.5,0.3235252
8879,0.5,0.0010253881
8880,0.5,0.02102182
8881,0.5,0.0062335893
8882,0.5,0.0017465492
8883,0.5,0.3826707
8884,0.5,0.60452783
8885,0.5,0.0012093512
8886,0.5,0.00030642972
8887,0.5,0.021439701
8888,0.5,0.01407333
8889,0.5,0.0047795977
8890,0.5,0.12701134
8891,0.5,0.011275602
8892,0.5,0.88169104
8893,0.5,0.41877025
8894,0.5,0.0006357648
8895,0.5,0.0017172514
8896,0.5,0.7033086
8897,0.5,0.0016491171
8898,0.5,0.0017572289
8899,0.5,0.06567418
8900,0.5,0.011403116
8901,0.5,0.008495933
8902,0.5,0.008283169
8903,0.5,0.7837414
8904,0.5,0.038001496
8905,0.5,0.94580466
8906,0.5,0.0048600873
8907,0.5,0.9249594
8908,0.5,0.010374539
8909,0.5,0.0012817658
8910,0.5,0.04600708
8911,0.5,0.9774975
8912,0.5,0.00064070494
8913,0.5,0.0026131186
8914,0.5,0.0491693
8915,0.5,0.031283915
8916,0.5,0.058473896
8917,0.5,0.0037991197
8918,0.5,0.0020074407
8919,0.5,0.00054593734
8920,0.5,0.011275596
8921,0.5,0.8654597
8922,0.5,0.0010503283
8923,0.5,0.058568638
8924,0.5,0.61580503
8925,0.5,0.9949764
8926,0.5,0.85045016
8927,0.5,0.9387458
8928,0.5,0.057352804
8929,0.5,0.047893453
8930,0.5,0.20266181
8931,0.5,0.0010847108
8932,0.5,0.8648151
8933,0.5,0.015167409
8934,0.5,0.010236923
8935,0.5,0.21884474
8936,0.5,0.069655724
8937,0.5,0.09798267
8938,0.5,0.3859435
8939,0.5,0.13087581
8940,0.5,0.05331247
8941,0.5,0.009454072
8942,0.5,0.012883842
8943,0.5,0.00029570272
8944,0.5,0.0023293777
8945,0.5,0.0014121291
8946,0.5,0.15900667
8947,0.5,0.98616076
8948,0.5,0.00039367971
8949,0.5,0.100004
8950,0.5,0.0003988375
8951,0.5,0.022324884
8952,0.5,0.059002373
8953,0.5,0.0320916
8954,0.5,0.002203739
8955,0.5,0.93200314
8956,0.5,0.0039493307
8957,0.5,0.9936481
8958,0.5,0.008357327
8959,0.5,0.0070416755
8960,0.5,0.011446055
8961,0.5,0.99314636
8962,0.5,0.0010388606
8963,0.5,0.004999492
8964,0.5,0.01996284
8965,0.5,0.018644115
8966,0.5,0.0002634128
8967,0.5,0.8072767
8968,0.5,0.005098539
8969,0.5,0.5334864
8970,0.5,0.0010100083
8971,0.5,0.041840393
8972,0.5,0.020850983
8973,0.5,0.00090854557
8974,0.5,0.06207333
8975,0.5,0.9038521
8976,0.5,0.004368853
8977,0.5,0.94369227
8978,0.5,0.066265404
8979,0.5,0.029500376
8980,0.5,0.75892544
8981,0.5,0.05646261
8982,0.5,0.42045277
8983,0.5,0.001013837
8984,0.5,0.00060095434
8985,0.5,0.9273377
8986,0.5,0.08286593
8987,0.5,0.02594525
8988,0.5,0.022161143
8989,0.5,0.00290991
8990,0.5,0.7253157
8991,0.5,0.0017023756
8992,0.5,0.23135881
8993,0.5,0.0013389973
8994,0.5,0.8693031
8995,0.5,0.0295848
8996,0.5,0.03772678
8997,0.5,0.27737373
8998,0.5,0.18444583
8999,0.5,0.4888162
9000,0.5,0.06937521
9001,0.5,0.04903469
9002,0.5,0.5678291
9003,0.5,0.14127664
9004,0.5,0.009594085
9005,0.5,0.03379687
9006,0.5,0.95362955
9007,0.5,0.9935853
9008,0.5,0.9831062
9009,0.5,0.021829288
9010,0.5,0.005737102
9011,0.5,0.0008081387
9012,0.5,0.31741142
9013,0.5,0.00678628
9014,0.5,0.68415684
9015,0.5,0.0042948932
9016,0.5,0.013643109
9017,0.5,0.0022730518
9018,0.5,0.0084825
9019,0.5,0.0040393625
9020,0.5,0.11796322
9021,0.5,0.00140836
9022,0.5,0.06941914
9023,0.5,0.07040371
9024,0.5,0.0013807636
9025,0.5,0.043135274
9026,0.5,0.27570102
9027,0.5,0.0021246346
9028,0.5,0.003133842
9029,0.5,0.009795321
9030,0.5,0.586318
9031,0.5,0.15940997
9032,0.5,0.01062416
9033,0.5,0.006680227
9034,0.5,0.046705965
9035,0.5,0.05516929
9036,0.5,0.020873107
9037,0.5,0.6773742
9038,0.5,0.08030274
9039,0.5,0.014003936
9040,0.5,0.0012393981
9041,0.5,0.00023088351
9042,0.5,0.13950136
9043,0.5,0.15761894
9044,0.5,0.05880443
9045,0.5,0.10335487
9046,0.5,0.0063635525
9047,0.5,0.9614206
9048,0.5,0.006153727
9049,0.5,0.000504737
9050,0.5,0.0015085392
9051,0.5,0.00089989987
9052,0.5,0.021320896
9053,0.5,0.12278652
9054,0.5,0.012546988
9055,0.5,0.0033350473
9056,0.5,0.0011827664
9057,0.5,0.7923462
9058,0.5,0.99059945
9059,0.5,0.003749629
9060,0.5,0.009810554
9061,0.5,0.9819629
9062,0.5,0.1341261
9063,0.5,0.00084306835
9064,0.5,0.021629844
9065,0.5,0.26841292
9066,0.5,0.0772856
9067,0.5,0.07371134
9068,0.5,0.004607518
9069,0.5,0.019519731
9070,0.5,0.6145545
9071,0.5,0.6705276
9072,0.5,0.03986496
9073,0.5,0.6912302
9074,0.5,0.004206486
9075,0.5,0.0015406067
9076,0.5,0.011520566
9077,0.5,0.3144877
9078,0.5,0.009620704
9079,0.5,0.29405168
9080,0.5,0.0008142061
9081,0.5,0.0039470224
9082,0.5,0.006418182
9083,0.5,0.0075247977
9084,0.5,0.08922511
9085,0.5,0.012120929
9086,0.5,0.00199085
9087,0.5,0.117083274
9088,0.5,0.14693666
9089,0.5,0.018841665
9090,0.5,0.0017719663
9091,0.5,0.01698676
9092,0.5,0.0032544213
9093,0.5,0.002837076
9094,0.5,0.039702855
9095,0.5,0.010027639
9096,0.5,0.18626213
9097,0.5,0.04188194
9098,0.5,0.5087697
9099,0.5,0.00046471422
9100,0.5,0.0030228775
9101,0.5,0.9897955
9102,0.5,0.0023621123
9103,0.5,0.0048725037
9104,0.5,0.19441684
9105,0.5,0.0011219842
9106,0.5,0.021697633
9107,0.5,0.0057266885
9108,0.5,0.21932407
9109,0.5,0.002552449
9110,0.5,0.90951955
9111,0.5,0.005152897
9112,0.5,0.0015890079
9113,0.5,0.0022757982
9114,0.5,0.12873214
9115,0.5,0.023450129
9116,0.5,0.19423003
9117,0.5,0.06376677
9118,0.5,0.24267666
9119,0.5,0.7240024
9120,0.5,0.14361474
9121,0.5,0.04454957
9122,0.5,0.002058635
9123,0.5,0.006984164
9124,0.5,0.00071287726
9125,0.5,0.0014819687
9126,0.5,0.17507486
9127,0.5,0.91872424
9128,0.5,0.009141112
9129,0.5,0.2859881
9130,0.5,0.74641454
9131,0.5,0.0016591129
9132,0.5,0.035650752
9133,0.5,0.0048955674
9134,0.5,0.007908298
9135,0.5,0.012896055
9136,0.5,0.027585328
9137,0.5,0.11532632
9138,0.5,0.006258184
9139,0.5,0.22514376
9140,0.5,0.000786521
9141,0.5,0.015225018
9142,0.5,0.0005084637
9143,0.5,0.0038487215
9144,0.5,0.0036347797
9145,0.5,0.73813856
9146,0.5,0.0015233431
9147,0.5,0.018248832
9148,0.5,0.09021303
9149,0.5,0.0022464083
9150,0.5,0.1193639
9151,0.5,0.0015280539
9152,0.5,0.13745262
9153,0.5,0.9416572
9154,0.5,0.0010337767
9155,0.5,0.029399263
9156,0.5,0.00086318696
9157,0.5,0.0010174569
9158,0.5,0.010006624
9159,0.5,0.22052097
9160,0.5,0.002101774
9161,0.5,0.0012008626
9162,0.5,0.9957385
9163,0.5,0.012574264
9164,0.5,0.0037704112
9165,0.5,0.027391063
9166,0.5,0.007535952
9167,0.5,0.85061836
9168,0.5,0.6562568
9169,0.5,0.2868763
9170,0.5,0.24673381
9171,0.5,0.027502652
9172,0.5,0.0025079672
9173,0.5,0.09798914
9174,0.5,0.37680474
9175,0.5,0.025384083
9176,0.5,0.0024597452
9177,0.5,0.0017347141
9178,0.5,0.8899547
9179,0.5,0.0011262493
9180,0.5,0.005636983
9181,0.5,0.026336834
9182,0.5,0.8267231
9183,0.5,0.10362849
9184,0.5,0.14122851
9185,0.5,0.0044769025
9186,0.5,0.99279165
9187,0.5,0.061977632
9188,0.5,0.0006996124
9189,0.5,0.7353931
9190,0.5,0.0021845596
9191,0.5,0.97892696
9192,0.5,0.9973297
9193,0.5,0.10251343
9194,0.5,0.04876421
9195,0.5,0.022565104
9196,0.5,0.017555801
9197,0.5,0.026055107
9198,0.5,0.028460732
9199,0.5,0.0027397547
9200,0.5,0.01284389
9201,0.5,0.47562265
9202,0.5,0.00011728716
9203,0.5,0.002282042
9204,0.5,0.59207106
9205,0.5,0.0050084284
9206,0.5,0.57858604
9207,0.5,0.3875815
9208,0.5,0.13555652
9209,0.5,0.0008050324
9210,0.5,0.0043005045
9211,0.5,0.0061352565
9212,0.5,0.0071819527
9213,0.5,0.99513346
9214,0.5,0.0034053107
9215,0.5,0.81837267
9216,0.5,0.016758636
9217,0.5,0.40529054
9218,0.5,0.0109258
9219,0.5,0.448628
9220,0.5,0.0040681805
9221,0.5,0.0029525917
9222,0.5,0.00067238836
9223,0.5,0.003582062
9224,0.5,0.5935112
9225,0.5,0.036087807
9226,0.5,0.023585163
9227,0.5,0.037206054
9228,0.5,0.0020750328
9229,0.5,0.047674112
9230,0.5,0.0010669754
9231,0.5,0.011101019
9232,0.5,0.22093193
9233,0.5,0.0797758
9234,0.5,0.0039959336
9235,0.5,0.88367337
9236,0.5,0.014453143
9237,0.5,0.0027830072
9238,0.5,0.10832166
9239,0.5,0.0072721075
9240,0.5,0.3507623
9241,0.5,0.003517049
9242,0.5,0.24938081
9243,0.5,0.0033103328
9244,0.5,0.00095093163
9245,0.5,0.11052796
9246,0.5,0.024440855
9247,0.5,0.026956338
9248,0.5,0.15889812
9249,0.5,0.0010323732
9250,0.5,0.0030145524
9251,0.5,0.3823017
9252,0.5,0.50509953
9253,0.5,0.003378346
9254,0.5,0.9767111
9255,0.5,0.0014895642
9256,0.5,0.0030765804
9257,0.5,0.3978189
9258,0.5,0.019512251
9259,0.5,0.9319725
9260,0.5,0.0132426405
9261,0.5,0.4885699
9262,0.5,0.9683492
9263,0.5,0.037374113
9264,0.5,0.2423973
9265,0.5,0.26072633
9266,0.5,0.010693838
9267,0.5,0.009301229
9268,0.5,0.88005465
9269,0.5,0.7346446
9270,0.5,0.027941696
9271,0.5,0.00096049474
9272,0.5,0.97582734
9273,0.5,0.0016290242
9274,0.5,0.1013047
9275,0.5,0.009560835
9276,0.5,0.006906196
9277,0.5,0.95057696
9278,0.5,0.3112585
9279,0.5,0.9986028
9280,0.5,0.0076752575
9281,0.5,0.857281
9282,0.5,0.13520306
9283,0.5,0.054575052
9284,0.5,0.050564922
9285,0.5,0.003939465
9286,0.5,0.0032409255
9287,0.5,0.0002541392
9288,0.5,0.01441288
9289,0.5,0.0032859081
9290,0.5,0.008258555
9291,0.5,0.019338524
9292,0.5,0.005436392
9293,0.5,0.7753638
9294,0.5,0.007074218
9295,0.5,0.46123642
9296,0.5,0.10559006
9297,0.5,0.9450433
9298,0.5,0.1310277
9299,0.5,0.00037002694
9300,0.5,0.0020203325
9301,0.5,0.9350036
9302,0.5,0.026072687
9303,0.5,0.014764952
9304,0.5,0.03179469
9305,0.5,0.0020383506
9306,0.5,0.0047684014
9307,0.5,0.25380683
9308,0.5,0.6434935
9309,0.5,0.10671553
9310,0.5,0.002926324
9311,0.5,0.0013981009
9312,0.5,0.99708337
9313,0.5,0.371708
9314,0.5,0.9039602
9315,0.5,0.00079022435
9316,0.5,0.003258941
9317,0.5,0.05334369
9318,0.5,0.0031426328
9319,0.5,0.98561203
9320,0.5,0.0022203508
9321,0.5,0.8181068
9322,0.5,0.0008177107
9323,0.5,0.00015962964
9324,0.5,0.10541991
9325,0.5,0.0013727039
9326,0.5,0.9152074
9327,0.5,0.83131963
9328,0.5,0.037479512
9329,0.5,0.14794207
9330,0.5,0.046308715
9331,0.5,0.8961174
9332,0.5,0.044381864
9333,0.5,0.00085974316
9334,0.5,0.00071609486
9335,0.5,0.59395635
9336,0.5,0.92735916
9337,0.5,0.9701835
9338,0.5,0.033296272
9339,0.5,0.002158529
9340,0.5,0.05871723
9341,0.5,0.02521723
9342,0.5,0.09033513
9343,0.5,0.00012965382
9344,0.5,0.0105969785
9345,0.5,0.016027011
9346,0.5,0.013973629
9347,0.5,0.012272646
9348,0.5,0.014869767
9349,0.5,0.9274147
9350,0.5,0.31974044
9351,0.5,0.007208816
9352,0.5,0.0018304121
9353,0.5,0.89919806
9354,0.5,0.056875195
9355,0.5,0.0010924829
9356,0.5,0.050124563
9357,0.5,0.00065876177
9358,0.5,0.0351613
9359,0.5,0.010081541
9360,0.5,0.20313013
9361,0.5,0.015076678
9362,0.5,0.9224583
9363,0.5,0.8928698
9364,0.5,0.022904722
9365,0.5,0.74388635
9366,0.5,0.022639949
9367,0.5,0.0038808235
9368,0.5,0.0076854727
9369,0.5,0.0052787643
9370,0.5,0.749002
9371,0.5,0.27780968
9372,0.5,0.13161425
9373,0.5,0.08271096
9374,0.5,0.41598305
9375,0.5,0.0069689746
9376,0.5,0.2573347
9377,0.5,0.004636907
9378,0.5,0.7459336
9379,0.5,0.00073739555
9380,0.5,0.33043677
9381,0.5,0.002196494
9382,0.5,0.0010748621
9383,0.5,0.01962312
9384,0.5,0.005421837
9385,0.5,0.10950904
9386,0.5,0.51006454
9387,0.5,0.006849367
9388,0.5,0.77287817
9389,0.5,0.17666031
9390,0.5,0.015091569
9391,0.5,0.00141065
9392,0.5,0.15498538
9393,0.5,0.011616657
9394,0.5,0.50460434
9395,0.5,0.021118503
9396,0.5,0.016251972
9397,0.5,0.04600247
9398,0.5,0.04836636
9399,0.5,0.6398396
9400,0.5,0.012837985
9401,0.5,0.8935795
9402,0.5,0.0009747601
9403,0.5,0.94383806
9404,0.5,0.05130627
9405,0.5,0.1803076
9406,0.5,0.008174496
9407,0.5,0.005246399
9408,0.5,0.0013202017
9409,0.5,0.23035389
9410,0.5,0.0010043326
9411,0.5,0.0021800015
9412,0.5,0.014509101
9413,0.5,0.00057638565
9414,0.5,0.12939839
9415,0.5,0.032376822
9416,0.5,0.78873384
9417,0.5,0.007566549
9418,0.5,0.6184649
9419,0.5,0.019756272
9420,0.5,0.0029534933
9421,0.5,0.16829324
9422,0.5,0.0025715847
9423,0.5,0.030352721
9424,0.5,0.004445591
9425,0.5,0.004787607
9426,0.5,0.3597315
9427,0.5,0.031376082
9428,0.5,0.1631873
9429,0.5,0.98755544
9430,0.5,0.006055877
9431,0.5,0.9477777
9432,0.5,0.06951354
9433,0.5,0.6150699
9434,0.5,0.0005689475
9435,0.5,0.0014262627
9436,0.5,0.009218978
9437,0.5,0.711999
9438,0.5,0.01296626
9439,0.5,0.93752456
9440,0.5,0.025543306
9441,0.5,0.9028109
9442,0.5,0.12359706
9443,0.5,0.006039001
9444,0.5,0.041687578
9445,0.5,0.001601668
9446,0.5,0.062745556
9447,0.5,0.00018199642
9448,0.5,0.020036371
9449,0.5,0.0065964805
9450,0.5,0.11181328
9451,0.5,0.0025092533
9452,0.5,0.9972046
9453,0.5,0.000987887
9454,0.5,0.0041304813
9455,0.5,0.0017478607
9456,0.5,0.022458335
9457,0.5,0.051430434
9458,0.5,0.000378357
9459,0.5,0.89340246
9460,0.5,0.2195975
9461,0.5,0.6934457
9462,0.5,0.01202958
9463,0.5,0.021087145
9464,0.5,0.015125449
9465,0.5,0.00064560125
9466,0.5,0.0031554052
9467,0.5,0.0025314966
9468,0.5,0.90127003
9469,0.5,0.027592208
9470,0.5,0.16902013
9471,0.5,0.0036998806
9472,0.5,0.062190626
9473,0.5,0.013797109
9474,0.5,0.022265872
9475,0.5,0.04246041
9476,0.5,0.010896555
9477,0.5,0.12301472
9478,0.5,0.033476673
9479,0.5,0.00077535486
9480,0.5,0.980892
9481,0.5,0.002737015
9482,0.5,0.004870458
9483,0.5,0.63757575
9484,0.5,0.2655502
9485,0.5,0.014820748
9486,0.5,0.82679546
9487,0.5,0.03285031
9488,0.5,0.07166494
9489,0.5,0.0024292218
9490,0.5,0.2738785
9491,0.5,0.28201482
9492,0.5,0.02319256
9493,0.5,0.05668129
9494,0.5,0.27480847
9495,0.5,0.0016495293
9496,0.5,0.0015389419
9497,0.5,0.3170193
9498,0.5,0.0020386202
9499,0.5,0.99148715
9500,0.5,0.16475293
9501,0.5,0.37544438
9502,0.5,0.018852908
9503,0.5,0.036956154
9504,0.5,0.028341347
9505,0.5,0.19116138
9506,0.5,0.67509675
9507,0.5,0.01641634
9508,0.5,0.00093011226
9509,0.5,0.0018464854
9510,0.5,0.0012651297
9511,0.5,0.0017094909
9512,0.5,0.048893012
9513,0.5,0.016940322
9514,0.5,0.01868279
9515,0.5,0.6432143
9516,0.5,0.03867963
9517,0.5,0.10330202
9518,0.5,0.043112542
9519,0.5,0.86783963
9520,0.5,0.35571688
9521,0.5,0.7893106
9522,0.5,0.00048705164
9523,0.5,0.0011852488
9524,0.5,0.14524178
9525,0.5,0.01724697
9526,0.5,0.014616817
9527,0.5,0.9825943
9528,0.5,0.00077229645
9529,0.5,0.046080578
9530,0.5,0.000702803
9531,0.5,0.95773935
9532,0.5,0.020898852
9533,0.5,0.9784188
9534,0.5,0.013064696
9535,0.5,0.1868483
9536,0.5,0.008009327
9537,0.5,0.00025750164
9538,0.5,0.00048247198
9539,0.5,0.1611138
9540,0.5,0.0026676736
9541,0.5,0.03330388
9542,0.5,0.020412376
9543,0.5,0.1727126
9544,0.5,0.009639974
9545,0.5,0.00342688
9546,0.5,0.9573796
9547,0.5,0.0013386072
9548,0.5,0.18682972
9549,0.5,0.64644206
9550,0.5,0.13471128
9551,0.5,0.5060824
9552,0.5,0.0021490967
9553,0.5,0.12205259
9554,0.5,0.0059293066
9555,0.5,0.115050375
9556,0.5,0.001108198
9557,0.5,0.37866223
9558,0.5,0.0030742618
9559,0.5,0.90553224
9560,0.5,0.00077601784
9561,0.5,0.0062027383
9562,0.5,0.0015513492
9563,0.5,0.14276235
9564,0.5,0.003479973
9565,0.5,0.028317079
9566,0.5,0.5195355
9567,0.5,0.0035007792
9568,0.5,0.001347273
9569,0.5,0.14678419
9570,0.5,0.25472704
9571,0.5,0.037272513
9572,0.5,0.00088440115
9573,0.5,0.009098737
9574,0.5,0.030109081
9575,0.5,0.58300143
9576,0.5,0.011523
9577,0.5,0.99621755
9578,0.5,0.43469507
9579,0.5,0.5714318
9580,0.5,0.029566135
9581,0.5,0.009607705
9582,0.5,0.99166685
9583,0.5,0.015503715
9584,0.5,0.0022428457
9585,0.5,0.0030806388
9586,0.5,0.76187766
9587,0.5,0.00045335552
9588,0.5,0.01849664
9589,0.5,0.004424959
9590,0.5,0.15594171
9591,0.5,0.0007340781
9592,0.5,0.053528827
9593,0.5,0.033020962
9594,0.5,0.032520026
9595,0.5,0.46098295
9596,0.5,0.98241055
9597,0.5,0.0063044215
9598,0.5,0.9727896
9599,0.5,0.0023034567
9600,0.5,0.27864546
9601,0.5,0.9295167
9602,0.5,0.014923549
9603,0.5,0.007689525
9604,0.5,0.98860955
9605,0.5,0.056429997
9606,0.5,0.009899709
9607,0.5,0.025074018
9608,0.5,0.9119665
9609,0.5,0.98517704
9610,0.5,0.99168795
9611,0.5,0.09988287
9612,0.5,0.05749036
9613,0.5,0.0024578506
9614,0.5,0.034981072
9615,0.5,0.00032908586
9616,0.5,0.0029778979
9617,0.5,0.29484046
9618,0.5,0.015917249
9619,0.5,0.041426994
9620,0.5,0.0050687897
9621,0.5,0.0026910205
9622,0.5,0.09108382
9623,0.5,0.84643626
9624,0.5,0.004937927
9625,0.5,0.0078047626
9626,0.5,0.0044262093
9627,0.5,0.9727135
9628,0.5,0.011637501
9629,0.5,0.0015943828
9630,0.5,0.2976914
9631,0.5,0.0023271956
9632,0.5,0.10083439
9633,0.5,0.0034781431
9634,0.5,0.88830405
9635,0.5,0.0038485588
9636,0.5,0.0012123418
9637,0.5,0.0016607691
9638,0.5,0.0042801364
9639,0.5,0.20073657
9640,0.5,0.00054644595
9641,0.5,0.4550724
9642,0.5,0.00392506
9643,0.5,0.0022317977
9644,0.5,0.0017779125
9645,0.5,0.5662175
9646,0.5,0.001450702
9647,0.5,0.9850037
9648,0.5,0.5542164
9649,0.5,0.051973738
9650,0.5,0.8862367
9651,0.5,0.005756569
9652,0.5,0.0072881565
9653,0.5,0.056632426
9654,0.5,0.53718597
9655,0.5,0.701302
9656,0.5,0.050482206
9657,0.5,0.0041544777
9658,0.5,0.72902954
9659,0.5,0.024835285
9660,0.5,0.9921221
9661,0.5,0.7180017
9662,0.5,0.10907832
9663,0.5,0.39720646
9664,0.5,0.013015387
9665,0.5,0.018573726
9666,0.5,0.010404779
9667,0.5,0.0056485226
9668,0.5,0.025788285
9669,0.5,0.00741765
9670,0.5,0.005128573
9671,0.5,0.03675551
9672,0.5,0.0013309726
9673,0.5,0.88713187
9674,0.5,0.0018098586
9675,0.5,0.036858402
9676,0.5,0.024851827
9677,0.5,0.0034591882
9678,0.5,0.00044091593
9679,0.5,0.009407652
9680,0.5,0.06518597
9681,0.5,0.79130816
9682,0.5,0.008120963
9683,0.5,0.007657797
9684,0.5,0.014402885
9685,0.5,0.31079885
9686,0.5,0.08626526
9687,0.5,0.007942693
9688,0.5,0.00259085
9689,0.5,0.004459537
9690,0.5,0.9386895
9691,0.5,0.0020577593
9692,0.5,0.028715994
9693,0.5,0.41259146
9694,0.5,0.03171517
9695,0.5,0.13189627
9696,0.5,0.00688103
9697,0.5,0.55560684
9698,0.5,0.25411668
9699,0.5,0.10117659
9700,0.5,0.28269294
9701,0.5,0.41390932
9702,0.5,0.013044575
9703,0.5,0.1326821
9704,0.5,0.0071160668
9705,0.5,0.008771528
9706,0.5,0.00018235305
9707,0.5,0.9094062
9708,0.5,0.0024825423
9709,0.5,0.28221077
9710,0.5,0.9873542
9711,0.5,0.0048442325
9712,0.5,0.01883098
9713,0.5,0.025289388
9714,0.5,0.039534435
9715,0.5,0.9205194
9716,0.5,0.008889448
9717,0.5,0.002633468
9718,0.5,0.010085135
9719,0.5,0.061988227
9720,0.5,0.0037456038
9721,0.5,0.0040600486
9722,0.5,0.010044343
9723,0.5,0.00478019
9724,0.5,0.5009709
9725,0.5,0.3188312
9726,0.5,0.72784066
9727,0.5,0.6169422
9728,0.5,0.45868614
9729,0.5,0.94812566
9730,0.5,0.02970819
9731,0.5,0.9991547
9732,0.5,0.88760704
9733,0.5,0.7762104
9734,0.5,0.005427857
9735,0.5,0.41217703
9736,0.5,0.003871871
9737,0.5,0.02092353
9738,0.5,0.46504685
9739,0.5,0.0115013495
9740,0.5,0.0018232707
9741,0.5,0.0016262688
9742,0.5,0.069391266
9743,0.5,0.9799661
9744,0.5,0.0032540793
9745,0.5,0.00026750218
9746,0.5,0.0034829592
9747,0.5,0.66132736
9748,0.5,0.99518764
9749,0.5,0.010431758
9750,0.5,0.19672653
9751,0.5,0.0032383897
9752,0.5,0.11025645
9753,0.5,0.08062797
9754,0.5,0.018487418
9755,0.5,0.3724983
9756,0.5,0.012521215
9757,0.5,0.01136277
9758,0.5,0.016410304
9759,0.5,0.0055427477
9760,0.5,0.034011696
9761,0.5,0.008938428
9762,0.5,0.1304197
9763,0.5,0.023847185
9764,0.5,0.4498273
9765,0.5,0.40352014
9766,0.5,0.9623479
9767,0.5,0.0017617381
9768,0.5,0.011918957
9769,0.5,0.002245359
9770,0.5,0.24136278
9771,0.5,0.21683249
9772,0.5,0.18451434
9773,0.5,0.0031296858
9774,0.5,0.018136606
9775,0.5,0.00037877148
9776,0.5,0.0016693398
9777,0.5,0.033677302
9778,0.5,0.0025363825
9779,0.5,0.0042567854
9780,0.5,0.16310613
9781,0.5,0.016161537
9782,0.5,0.010899119
9783,0.5,0.009672518
9784,0.5,0.0071649696
9785,0.5,0.0041602068
9786,0.5,0.05301104
9787,0.5,0.014511106
9788,0.5,0.22803444
9789,0.5,0.98226833
9790,0.5,0.0014474908
9791,0.5,0.0046569197
9792,0.5,0.0061606104
9793,0.5,0.26802903
9794,0.5,0.36796978
9795,0.5,0.008231289
9796,0.5,0.002170463
9797,0.5,0.22585249
9798,0.5,0.99632084
9799,0.5,0.024626274
9800,0.5,0.9708382
9801,0.5,0.835981
9802,0.5,0.0007599283
9803,0.5,0.01510461
9804,0.5,0.0022035325
9805,0.5,0.0041426816
9806,0.5,0.6890547
9807,0.5,0.06889618
9808,0.5,0.21122691
9809,0.5,0.040290892
9810,0.5,0.18848395
9811,0.5,0.92655885
9812,0.5,0.1034031
9813,0.5,0.07222017
9814,0.5,0.041649524
9815,0.5,0.8006074
9816,0.5,0.002600061
9817,0.5,0.1357659
9818,0.5,0.00018889812
9819,0.5,0.54726166
9820,0.5,0.023217678
9821,0.5,0.0012871897
9822,0.5,0.003414503
9823,0.5,0.054425914
9824,0.5,0.013881855
9825,0.5,0.090219885
9826,0.5,0.0033660464
9827,0.5,0.42636958
9828,0.5,0.0021917308
9829,0.5,0.0058843787
9830,0.5,0.073902614
9831,0.5,0.002015278
9832,0.5,0.003721827
9833,0.5,0.90801483
9834,0.5,0.15294157
9835,0.5,0.012357079
9836,0.5,0.0111515615
9837,0.5,0.9849783
9838,0.5,0.001697812
9839,0.5,0.028704586
9840,0.5,0.00089863304
9841,0.5,0.033855967
9842,0.5,0.019137127
9843,0.5,0.0046750344
9844,0.5,0.21124496
9845,0.5,0.016307296
9846,0.5,0.99033606
9847,0.5,0.004506249
9848,0.5,0.0076975226
9849,0.5,0.40422267
9850,0.5,0.009062498
9851,0.5,0.61173195
9852,0.5,0.052524272
9853,0.5,0.5628773
9854,0.5,0.07647302
9855,0.5,0.004211297
9856,0.5,0.047956884
9857,0.5,0.0006361181
9858,0.5,0.014575879
9859,0.5,0.004095796
9860,0.5,0.84292793
9861,0.5,0.014733874
9862,0.5,0.018169867
9863,0.5,0.03239024
9864,0.5,0.4036731
9865,0.5,0.9790268
9866,0.5,0.016027974
9867,0.5,0.011918733
9868,0.5,0.0145423645
9869,0.5,0.06798992
9870,0.5,0.0022395304
9871,0.5,0.14173442
9872,0.5,0.018437322
9873,0.5,0.014019166
9874,0.5,0.011557087
9875,0.5,0.041533347
9876,0.5,0.08898293
9877,0.5,0.0018214892
9878,0.5,0.0024730489
9879,0.5,0.0654654
9880,0.5,0.020744907
9881,0.5,0.024698544
9882,0.5,0.970158
9883,0.5,0.0055900128
9884,0.5,0.013402115
9885,0.5,0.014794454
9886,0.5,0.40106073
9887,0.5,0.008555729
9888,0.5,0.034598097
9889,0.5,0.056224577
9890,0.5,0.9507836
9891,0.5,0.0018188606
9892,0.5,0.0049342704
9893,0.5,0.31119728
9894,0.5,0.0033131451
9895,0.5,0.12225801
9896,0.5,0.009459079
9897,0.5,0.04384691
9898,0.5,0.0010871663
9899,0.5,0.03987435
9900,0.5,0.0046494817
9901,0.5,0.01874281
9902,0.5,0.048635874
9903,0.5,0.0010562637
9904,0.5,0.2416708
9905,0.5,0.00035241526
9906,0.5,0.0044690208
9907,0.5,0.0013302116
9908,0.5,0.0029260044
9909,0.5,0.005328805
9910,0.5,0.0022214698
9911,0.5,0.012720498
9912,0.5,0.0004086167
9913,0.5,0.3168005
9914,0.5,0.050037477
9915,0.5,0.69859284
9916,0.5,0.13261902
9917,0.5,0.049311858
9918,0.5,0.4382727
9919,0.5,0.3864953
9920,0.5,0.001968849
9921,0.5,0.6512608
9922,0.5,0.0060007195
9923,0.5,0.0374864
9924,0.5,0.027930828
9925,0.5,0.00028526734
9926,0.5,0.92967105
9927,0.5,0.11897271
9928,0.5,0.59094274
9929,0.5,0.005019352
9930,0.5,0.1515465
9931,0.5,0.14320269
9932,0.5,0.70777524
9933,0.5,0.14590912
9934,0.5,0.098602846
9935,0.5,0.11526616
9936,0.5,0.0019155436
9937,0.5,0.01493317
9938,0.5,0.98494995
9939,0.5,0.0011226209
9940,0.5,0.021518655
9941,0.5,0.02185223
9942,0.5,0.0635523
9943,0.5,0.079158396
9944,0.5,0.01279188
9945,0.5,0.010757985
9946,0.5,0.00059232087
9947,0.5,0.96604866
9948,0.5,0.009279957
9949,0.5,0.30193156
9950,0.5,0.52999985
9951,0.5,0.0014990438
9952,0.5,0.19270687
9953,0.5,0.025619853
9954,0.5,0.0015240671
9955,0.5,0.06962919
9956,0.5,0.006246289
9957,0.5,0.0050369715
9958,0.5,0.017757671
9959,0.5,0.00096013426
9960,0.5,0.090264805
9961,0.5,0.014536255
9962,0.5,0.88311857
9963,0.5,0.050118137
9964,0.5,0.0012469182
9965,0.5,0.84621507
9966,0.5,0.074476115
9967,0.5,0.64818436
9968,0.5,0.008689764
9969,0.5,0.021832677
9970,0.5,0.021599712
9971,0.5,0.00515498
9972,0.5,0.0004878555
9973,0.5,0.8947169
9974,0.5,0.023335185
9975,0.5,0.9484469
9976,0.5,0.48807833
9977,0.5,0.006542648
9978,0.5,0.0061700093
9979,0.5,0.13505013
9980,0.5,0.0009319143
9981,0.5,0.004556702
9982,0.5,0.02257685
9983,0.5,0.21063267
9984,0.5,0.57033044
9985,0.5,0.0029685362
9986,0.5,0.3683345
9987,0.5,0.0032860565
9988,0.5,0.0140450215
9989,0.5,0.0033399418
9990,0.5,0.0002686631
9991,0.5,0.021576433
9992,0.5,0.10916614
9993,0.5,0.87442553
9994,0.5,0.003604771
9995,0.5,0.06413329
9996,0.5,0.022147104
9997,0.5,0.9988532
9998,0.5,0.019849408
9999,0.5,0.07773815
